:10000000A89D002021DF000089D1000089D10000D7
:1000100089D1000089D1000089D1000089D1000078
:1000200089D1000089D1000089D1000089D1000068
:0C00300089D1000089D1000049D10000F6
:1000400053B94AB9002908BF00281CBF4FF0FF313F
:100050004FF0FF3000F00CB8ADF1080C6DE904CEA4
:100060000DF022F9DDF804E0DDE9022304B0704769
:10007000704700BF0000000000000000000000000A
:1000800001F0FF01102A2BDB10F0070F08D010F849
:10009000013B013A8B422DD010F0070F42B3F6D14D
:1000A000F0B441EA012141EA014122F007047FF066
:1000B00000070023F0E80256083C85EA010586EABD
:1000C000010685FA47F5A3FA87F586FA47F6A5FAF9
:1000D00087F68EB9EED1F0BC01F0FF0102F0070205
:1000E00032B110F8013B013A83EA010313B1F8D1B0
:1000F0000020704701387047002D06BF3546033891
:10010000073815F0010F07D1013015F4807F02BFC9
:10011000013015F4C03F0130F0BC0138704700BF1A
:10012000704700BF70B511F001061FD18B0700D4D6
:1001300070BD31461C2009F0B7FD31461D2009F085
:10014000B3FD31461E2009F0AFFD324638491C2070
:1001500009F06CFD324636491D2009F067FD324634
:100160003349BDE870401E2009F060BD05460021FE
:100170001C20144609F098FD00211D2009F094FD73
:1001800000211E2009F090FD284609F0A1F92388DE
:10019000B3F5C15F4FEAD0702FD043F60702934208
:1001A00015D040F60202934227D050BB21490022CD
:1001B0001C2009F03BFD1E4900221D2009F036FDE0
:1001C000BDE870401A4900221E2009F02FBD94F8A6
:1001D00024305A06E9D016490022D0B91C2009F073
:1001E00025FD134900221D2009F020FDBDE87040C7
:1001F000104900221E2009F019BDE37B5906EAD1FF
:10020000D3E70B492F221C2009F010FD08493222A8
:10021000D3E71C2009F00AFD054932221D2009F010
:1002200005FDBDE8704002492F221E2009F0FEBCEA
:10023000006000200160002070B504460D4616469F
:10024000FFF76EFF324629462046FFF76BFF70BD71
:1002500038B52B49142009F0ABFC0021142009F01B
:1002600023FD01200CF0AAFB0121142009F01CFD44
:100270004FF40C700CF0A2FB2149142009F098FCFB
:1002800020490A2009F094FC1E49092009F090FC3D
:100290001D49082009F08CFC0021142009F004FD00
:1002A0000724B92500210A2009F0FEFC45FA04F1D3
:1002B000092001F0010109F0F7FC01210A2009F0F1
:1002C000F3FC08200CF07AFB013CEBD200210A2061
:1002D00009F0EAFC0121142009F0E6FC4FF42F702C
:1002E0000CF06CFB142009F039FC0A2009F036FCF4
:1002F000092009F033FCBDE83840082009F02EBC85
:10030000016400200064002002200020704700BF2C
:1003100008B509F065FE0BF0F9FDFFF799FFFFF74F
:10032000F5FF08BD0649074B074891F808C00122B0
:100330000A724FF0030C197A80F814C01A727047D1
:10034000701A0020341A0020601B0020024A01218C
:10035000D0E906035160184700200940012070478A
:1003600008B5034C2368984763689847FAE700BFCD
:10037000C0E200002021EFF3118281F31188037C99
:10038000022B02D082F311887047436870B404686E
:100390001C60036844685C600024047483680C4833
:1003A000DD6CC4689E6934436E681D605E603360B6
:1003B0006B60C460012483F82040047482F31188C8
:1003C000EFF3118381F3118882F3118870BC7047B9
:1003D000341A002010B54FF0200EEFF3118C8EF37D
:1003E00011880C4A8368D168D86C9C6921434468A1
:1003F00018605C6023604360D160012183F82010A5
:1004000011748CF31188EFF311838EF311888CF340
:10041000118810BD341A002088B138B510F10804D5
:100420000BD2084A084B1068214605680822A847E5
:1004300018B1C0E90004083038BD002038BD0020E4
:10044000704700BF482500204C250020FEE700BF74
:100450002DE9F04F2A4C83B0D4F818A0E268B2FA24
:1004600082F1C1F11F01E369264D03EBC10321694C
:100470000091616995F814900191002701264FF0D1
:1004800020082EE0D0E90C21C36AD4F818B022610C
:10049000C4E90501036380F8287027722E7540F2C5
:1004A000000CEFF311828CF311884269D0E9060148
:1004B0009047EFF3118288F31188019BE268636132
:1004C000009B85F814902672C4F818B02361A2B17D
:1004D000B2FA82F1C1F11F01E36903EBC1039A454E
:1004E0000BD21868016819604B6019688B42C9D13A
:1004F000436A22EA0303E360C4E703B0BDE8F08F78
:10050000701A0020601B0020836D026C2DE9F04101
:10051000DFF86480C76D9E184FF00103C8F80430FF
:10052000436C044647EB0307350C0CF03FFAD8F850
:10053000303045EA0745EA1AB2F1004F0ED99D1D49
:100540000D4B9D61A8B1D4E91601E369A665C4E924
:100550001401E765A069BDE8F041184706335A1B4E
:10056000002AEDDB9D4238BF1D46034B9D610028EC
:10057000E9D10CF01FFAE6E7002009402DE9F04F21
:10058000334CE36883B0002B5CD040F2000CEFF3F7
:1005900011838CF311884FF02008EFF3118388F357
:1005A0001188D4F818A0E268B2FA82F1C1F11F01F3
:1005B000E36903EBC1039A4544D22169254D0091BB
:1005C000616995F814900191002701262EE0D0E989
:1005D0000C12C36AD4F818B02161C4E905020363A0
:1005E00080F8287027722E7540F2000CEFF311820C
:1005F0008CF311884269D0E906019047EFF311822C
:1006000088F31188019BE2686361009B85F8149070
:100610002672C4F818B02361A2B1B2FA82F1C1F116
:100620001F01E36903EBC1039A450BD21868016807
:1006300019604B6019689942C9D1436A22EA0303E1
:10064000E360C4E70023237203B0BDE8F08F00BF6E
:10065000701A0020601B00202DE9F04F202383B08A
:10066000EFF3118483F311884FF08053DFF8B4A1C6
:10067000D3F88C311B6B9847684BD3E91065324631
:100680002B46FFF7DDFC00228AF85D20DAF80830FF
:10069000DAF85470A7EB030EDAF8083006FB01F124
:1006A00005FB0015A0EB030C5C49A6FB00363544A6
:1006B000C1E91235E6454FF001038AF85C3000F2DB
:1006C0009580A0EB070B84F311889146DAF800407F
:1006D000CDF800B06668B4424F44ABEB090B4FF065
:1006E000FF3809D117E02B7D23B1EB68DB1B984560
:1006F00028BF9846A6420ED0254624682B7D002BA5
:10070000F8D0EB689F42EED12B6943B92B75D5E940
:1007100006309847E7E7C34505D3C146D6E7F81842
:10072000E8602B62F3E72023EFF3118283F3118853
:100730009AF85D3001929BB1DAF800305E68B342FE
:1007400050D04FF0FF3818461B68057D35B1057D48
:1007500025B1C068C01B804528BF80469E42F2D1AB
:10076000B8F1FF3F3ED0009BA9EB0306DAF8583002
:1007700046449E4228BF1E46BD19284CD4E910307D
:10078000A16CA3FB063213EB0108E36C06FB00220D
:1007900042EB03040CF00AF9214B4FEA184B1B6B98
:1007A0004BEA044BABEB0302B2F1004F25D903F146
:1007B000060B1B4BC3F818B060B3184BCAF8506057
:1007C000C3E9148401238AF85E3000238AF85C3080
:1007D000CAF85450019BCAF8087083F3118803B01B
:1007E000BDE8F08FDAF85860F519C6E78AF85C20A2
:1007F00084F3118803B0BDE8F08F0633A3EB0B023E
:10080000002AD6DB9B4538BF9B46054BC3F818B082
:100810000028D2D10CF0CEF8CFE700BF202900206D
:1008200000200940A01A00200CF098BA034A0346A1
:1008300092E8030083E80300704700BF601B0020BC
:100840000A207047F8B52023EFF3118683F311884F
:10085000027DB2B1C5680446EFF3118783F31188B6
:100860004FF08053D3F88C311B6B9847074BD3E97B
:100870001023FFF7E5FB87F31188236A281A9842B3
:1008800000D9002086F31188F8BD00BF2029002080
:10089000007D70470023C0E901330370704700BF3B
:1008A0008160704700230375704700BFB0F90E30B8
:1008B000002BB8BF5B420F2B10B420D9A3F110015D
:1008C0004A09920002F1E022012001F01F0100FA22
:1008D00001F1D2F80001C2F880110D4A0D48116AE9
:1008E00051F82340844218BF41F823004FEA830C9B
:1008F000536A5DF8044B002243F80C207047ECD19A
:100900004FF0E0221169116921F002011161E4E761
:10091000181B002089D100002023EFF3118083F3FE
:10092000118870470F280DD9103843099B0003F137
:10093000E02300F01F0001228240D3F80011C3F829
:100940000021704700D070474FF0E0231A691A6900
:1009500042F002021A6170472023EFF3118083F303
:10096000118880F31188B0FA80F04009704700BF09
:100970000F2804D94FF0E0231038C3F8000F704758
:100980004FF0200CEFF311838CF31188C0E90021A4
:1009900083F31188704700BF00214FF0FF3201231D
:1009A000C0E900120372704780F31188704700BFDE
:1009B00089B2418210B4012200F114040021C0E97F
:1009C00002128461027444612022EFF3118182F3E8
:1009D0001188064A02605468446054682060506080
:1009E00081F311885DF8044B704700BF981A00200E
:1009F00000F11403836120224361EFF3118382F33A
:100A0000118842680168116002684168516083F38F
:100A10001188704700234FF0FF32C0E90033C0E96E
:100A200002237047024B0122187A1A72704700BFE6
:100A3000701A0020014B1869704700BF701A00201F
:100A40000749084B0848012210B40C7A0A7207497A
:100A50000460187A5DF8044B08601A72704700BF92
:100A6000341A0020701A00208829002084290020D0
:100A7000014B1A78FDE700BF24250020014BDB69FC
:100A8000184700BF601B0020F8B5174ED6E910329A
:100A9000A3FB003400FB0244D6E912219D1844EB6D
:100AA00001040BF083FF114B2F0C1B6B47EA04472B
:100AB000FA1AB2F1004F06D99F1D0C4B9F6168B125
:100AC000C6E91454F8BD0633DA1B002AF5DB9F4251
:100AD00038BF1F46054B9F610028F1D10BF06AFF1C
:100AE000C6E91454F8BD00BF2029002000200940A9
:100AF00030B48468B0F90E20A507034602D5017B07
:100B00001F292BD824495868096A51F82250854278
:100B100018BF41F822005142D9810F2A197B0AD906
:100B2000103A02F1E020E40780F8001423D40020FA
:100B300030BC98607047032AF9D9101F00F1E020FB
:100B400080F8181DE0074FF0E021F0D50F2AEED114
:100B50000A690A6942F002020A61E8E70E49486A36
:100B600040F82230096A0D4851F82250854218BFDA
:100B700041F82200D1E75109890001F1E02101206B
:100B800002F01F0200FA02F2D1F80001C1F80021C0
:100B9000002030BC98607047181B00206DD000000A
:100BA000012931D0B0F90E30002BB8BF5B420F2BBA
:100BB00010B420D9A3F110014A09920002F1E022F9
:100BC000012001F01F0100FA01F1D2F80001C2F882
:100BD00080110E4A0E48116A51F82340844218BF12
:100BE00041F823004FEA830C536A5DF8044B00225E
:100BF00043F80C207047ECD14FF0E02211691169E5
:100C000021F002011161E4E7704700BF181B0020CA
:100C100089D1000030B42023EFF3118283F31188CF
:100C20001D4B1E4C196A1E4D4FF0E020C0F8081DE8
:100C3000D0F8080D5C611B4CDD61A042596309D0FE
:100C40000A46194900230E2B1FDD0133362B42F8CB
:100C5000041BF8D14FF0E0222020D2F80C3D23F401
:100C60007F4303F1BF6303F500334FF40071C2F813
:100C70000C3D82F8220DC2F8141DD2F8343F23F047
:100C8000404330BCC2F8343F704754F8230042F868
:100C9000040B0133D7E700BF181B0020A89D0020DC
:100CA000000600000000000089D100000F280FD9C5
:100CB000103843099B0003F1E02300F01F00D3F834
:100CC00000210121814002EA0100C3F88011704730
:100CD00001D0002070474FF0E02318691A6922F014
:100CE000020200F002001A61704700BF2DE9F041D6
:100CF0001D4604462023EFF3118783F31188674EC6
:100D0000B068002856D1B46087F31188002D3CD01C
:100D10006B68E261A36100224FF48033C4E90823C9
:100D200000220023C4E91223E160297BAB6801297A
:100D300002461F4677D1C4E91030636158482978CC
:100D4000406B0229056D3AD0C4E916320022002317
:100D5000C4E91423002936D1524B14209D42E08669
:100D600004F1280700F0938001213846FFF718FFAF
:100D70002022EFF3118382F3118883F31188237CFF
:100D8000002B60D00023B36016E00020E1604FF438
:100D90008031C4E9080100200021C4E91201424861
:100DA000414BA5610021C4E91001404DE26163613E
:100DB0000022C3E787F311880020BDE8F081C4E971
:100DC0001432C4E91632374B14209D42E08604F1F8
:100DD0002807C9D1FFF76AFF354A3649E02384F86E
:100DE00034300323C4E90A4223633846FFF780FE08
:100DF000002850D12022EFF3118382F3118883F36E
:100E00001188237C03B32022EFF3118382F311882E
:100E100026607268626072681460746083F311887F
:100E20002046BDE8F081244A19460023FFF708F95F
:100E3000224A6061C4E910014FF0FF310029BA4134
:100E40000346B5D2B8E700272023EFF3118583F3DB
:100E500011881B4B61694FF08052B1F5802FD2F899
:100E600084011A6B2CBF090C04210A444FF00108BD
:100E7000C3F804809A610368232100209847114B2E
:100E8000C3F8808285F31188002FBCD17AE7FFF781
:100E90000DFF0D4AA1E7811CACD066E7541B002072
:100EA000181B002089D1000037894100A4E200000E
:100EB0004D0300004C25002040420F003F420F0030
:100EC00000200940000024430905000070B5344AA1
:100ED000344C92F82430646001218AB084F86510A3
:100EE0002460C3B9D36982F8241003F1080003F128
:100EF00010015B601B60D8609860596103F11800B5
:100F0000196103F12001D86198615962196203F1F6
:100F10002801D9629962D069234B636128306064EB
:100F200022486062002105252020C4E90A11C4E995
:100F30000F11C4E90C502162236184F83810EFF3DB
:100F4000118580F31188A2615068E061566803F151
:100F500008003060506085F31188154D0091E364FE
:100F60000A23059302230391124A8DF80C30284678
:100F700003ABCDE90611CDE908110491FFF7B6FEE8
:100F8000D5E91023002047F69061FFF759F84FF09C
:100F9000FF33002918BF1846A0650AB070BD00BF16
:100FA000701A0020A01A0020B01A00205906000074
:100FB00020290020251B00002DE9F843214C646BFB
:100FC000074654F8215016461C4673B11E4B9D42ED
:100FD000D4E90098247A05D135291CDD0121384651
:100FE000FFF7DEFD0020BDE8F883174B9D42F9D1E5
:100FF0003529F3DCC1810846FFF758FEE0220323C0
:10100000C7E9004611493A73BB603846FFF770FDE7
:101010000028E7D011E0C18144F002040846FFF740
:1010200045FE0A497E60C7F8009087F80C80BC60D6
:101030003846FFF75DFD0028D4D0811CCFD10020B9
:10104000BDE8F883181B002089D100004C25002042
:101050002DE9F04F544A55499368097D1970D0E93C
:10106000055485B006690296D0E909BA066A01946A
:10107000C4690394D0E9008ED0E90B94D0E902C78B
:10108000C3E9046B029EC3E90C65019DC3E906A98F
:10109000C3E9088EC3E90AC79D63039DC3E90F54E2
:1010A00000F140045C64446B9C64D0E90E54D06849
:1010B000DD641C65032973D8DFE801F049433D0274
:1010C00000215469D5695960C3E9024590B18DB1D9
:1010D0006A1E052A04F1010202D9811A02293ED8AA
:1010E000411E601900E0013212F8014C01F8014F75
:1010F0009042F8D14FF0E022D2F8041D596592F8E1
:10110000281D996592F8290DB2F82A1DD2F82C4DA8
:1011100089B2C3E91701D2F8301DD2F8340DC3E902
:101120001941D2F8381DD2F83C2D5A67C3E91B018A
:1011300005B0BDE8F08F1E4A92695A60D2E90A54A0
:10114000C2E71C4954694969D5695960BCE7516ACD
:10115000D569E4B251F8241054695960B4E725F018
:10116000030C224601464FEA950E0CEB040752F899
:10117000046B41F8046BBA42F9D16545A5EB0C014B
:1011800000EB0C06B6D014F82E4000F82E400129D2
:10119000B0D0507870700229ACD09278B270A9E7C4
:1011A0000022C3E90222A5E7181B0020601B0020D3
:1011B000341A0020701A002000B5094B9A680121EA
:1011C0009FB019714AB1FFF743FF064B4FF0E02182
:1011D0000322D1F8041D1A75FEE7C3F808D0F2E720
:1011E000181B0020601B002008B5024B01221A7159
:1011F000FFF7E2FF181B00202DE9F0412027EFF355
:10120000118387F311881549154B0D7A154E01226C
:101210000A724FF0E0211C7A1A72D1F8043D124A8A
:1012200096F81480526A0021DBB2317552F82330EF
:10123000EDB2E4B2986040F2000CEFF311828CF34F
:101240001188D3E900029047EFF3118387F31188E7
:1012500086F8148004EB0520BDE8F081341A0020E4
:10126000701A0020601B0020181B0020C0B208B9B3
:10127000FFF784B9704700BF890800B50139864679
:1012800001984EF821000EEB810C890074394CF85E
:10129000043C4CF8082C0EEB0100029A124B4CF85F
:1012A000143C4CF8102C4FF0FF33039A4CF80C2CE4
:1012B0004EF8013043604CE91B334CE919334CE9DB
:1012C00017334CE915334CE91333C0E90C33C0E94B
:1012D0000E33C0E91033C0E91233C0E91433C0E95A
:1012E00016335DF804FB00BF55D0000000F120016B
:1012F0000022012330B4C383C0E90523416200F119
:101300000C04016202772021EFF3118C81F3118824
:101310000C4BC3605D6805615D682C605C608CF39C
:1013200011888260EFF3118281F31188064B03600C
:101330005968416059680860586082F3118830BC70
:10134000704700BF981A0020101B0020836A30B538
:101350005C1E144218BF1A460C4004D00B441B1BE1
:10136000994222D81946036A00F1200543B302F1DD
:10137000FF3C03E018681D46B0B1034613EA0C04B5
:1013800018BF141B586814BF01EB040E8E4670453D
:10139000F0D3401A021B18194CB15C6022B14418FA
:1013A0001D68455062601C6030BD002030BD1B6868
:1013B00022B1435001444A60296030BD2B6030BDEA
:1013C000184630BD2DE9F0412B4D826895F85E300E
:1013D0000262044613B195F85C30EBB1274E20232E
:1013E000EFF3118783F311884FF08053D3F88C31DA
:1013F0001B6B9847D6E91023FEF722FE87F311886E
:10140000A36895F85C1003440122E360227509B1DA
:1014100085F85D20BDE8F0814FF08053174ED3F87A
:101420008C311B6B9847D6E9107843463A46FEF755
:1014300007FEAB6807FB01F108FB0011A0EB030EF0
:10144000D5F85480AB68A8EB030CA7FB003211441D
:10145000E645C6E91231C2D8A768A8EB00083E18D5
:1014600001234745E6602375D4D23846FFF70CFBCD
:101470002F656E65CEE700BFA01A0020202900204E
:101480002DE9F8430BF092FA0AF066FF08F088FDA8
:1014900000F00C030C2B66D010F00407044641D179
:1014A0004FF02008EFF3118988F311884FF0805333
:1014B000334ED3F88C311B6B9847324BD3E9102352
:1014C000FEF7BEFD756DB36D2D1A9D4224D889F3CC
:1014D00011880121084608F069FD05EB8503B0EB92
:1014E000430F1FD2284C183D6561EFF3118588F337
:1014F000118804F10C00FFF765FF85F31188AFF345
:101500000080012008F02AFFAFF3008084F82070EB
:10151000BDE8F8430BF04EBA89F311880121084663
:1015200008F044FDAFF30080230706D530BFAFF3CA
:101530000080BDE8F8430BF03DBA144E4FF08055E3
:10154000D5F8D83130469B6898470428F8D014F075
:10155000100400D180B901200AF0D8FE0C4B012202
:10156000DA62DB6AE3E7AFF3008030BFAFF30080FD
:10157000BDE8F8430BF01EBA20460AF0C7FEEDE7BF
:10158000A01A002020290020AC1B002000400340AE
:101590000020094010B52023EFF3118483F3118854
:1015A000FFF710FF84F3118810BD00BFF8B50446A3
:1015B0001BB3D3E901761D78826000230761816146
:1015C000C66103752022EFF3118182F31188154B58
:1015D00003605E6846605E683060586081F3118821
:1015E0000DB92046F8BDEFF3118582F31188FFF79E
:1015F000E9FE85F311882046F8BDC0E906130361B2
:10160000037582602023EFF3118283F31188054B69
:1016100003605968416059680860586082F3118816
:101620002046F8BDA01A00202DE9F8432A4B1B687C
:1016300006461C6818460F46284B154622B308225A
:101640002421D5F8089095F800806D68A0470446DD
:10165000B8B10023876005618661C0F81C900375EE
:101660002022EFF3118182F311881D4B03605D6826
:1016700045605D682860586081F31188B8F1000FFB
:101680001ED12046BDE8F88308222421A047044645
:101690000028F6D087600561C0E90665057520233E
:1016A000EFF3118283F311880D4B03605968416099
:1016B00059680860586082F311882046BDE8F883B5
:1016C000EFF3118582F31188FFF77CFE85F3118813
:1016D0002046BDE8F88300BF482500204C250020A7
:1016E000A01A00202DE9F0411B4B1F6884B015465D
:1016F00080460C4613463E6808221C213846B047F7
:10170000F0B104B124780474002200F114031FFA2C
:1017100088F6826001224682C26083614361202391
:10172000EFF3118283F311880C4B03605968416019
:1017300059680860586082F3118804B0BDE8F081F0
:10174000074B9D42F9D02DB1064AC5E900271C235D
:10175000AB60FEE701ADF7E748250020981A0020AE
:101760004C25002038E1000030B40346D2E9015096
:1017700014689D61D861D0685961411C5B601C612F
:101780001B601FD001218140C50014690F4A5962B6
:10179000D1691862294400205963C3E90B4483F8D6
:1017A000280003F108012025EFF3118485F3118847
:1017B0009A605568DD6053681960516084F3118840
:1017C00030BC7047282520210520DEE7701A002054
:1017D00070B50446002A30D00B469168052935D9EA
:1017E000013131D1D2E900654FF0280CD268606038
:1017F000052120602020C4E90536194B6062C4E948
:101800000751D969614461630021C4E90B2220209A
:1018100004F10802216184F82810EFF3118180F3AC
:101820001188A3605868E060586802605A6081F3CC
:101830001188636943B1204670BD0A4B0A4AFFF71D
:1018400093FF6369002BF6D1002070BD012016685C
:101850005568D2686460884024604FEAC10CCAE7CA
:10186000701A00204C25002088E2000070B51E4C44
:1018700082B0002520262574E368ABB940F2000C45
:10188000EFF311838CF311880195019B2BB9019B18
:1018900001330193019B002BF9D0EFF3118386F301
:1018A0001188E368002BE9D0E368B3FA83F3C3F14E
:1018B0001F03D4E9070101EBC302904204D3237C48
:1018C000002BD8D102B070BD51F83330A06903F1BC
:1018D0001C011C30C4E906320BF0A8FB237C002B52
:1018E000C9D102B070BD00BF341A002010B5074C3A
:1018F000237C43B90023237240F2000CEFF31183E1
:101900008CF3118810BDFFF7B1FFF3E7341A002004
:1019100010B52023EFF3118283F31188084C237C48
:1019200013B1084B1B7A43B10023237240F2000C21
:10193000EFF311838CF3118810BDFFF797FFF3E7E6
:10194000341A0020701A0020204A117A70B4012441
:1019500000F11405C9B214722023EFF3118C83F344
:10196000118843699D4226D043691E684661D86844
:1019700075601C7408B1002404759B68D068DC6C29
:101980009D69284365681C605D602B606360D06062
:10199000012083F8200010748CF311882023EFF3CA
:1019A000118283F311888CF3118809B170BC7047E0
:1019B00070BCFFF7ADBF037CDB0701D54482F2E7C3
:1019C000438A01339BB24382EDE700BF341A002003
:1019D000FFF7BABFF8B5214B1D7A9C6901221A7234
:1019E000EDB22022EFF3118682F31188DF6861687F
:1019F0002068E26CD4F818C008602168606848600C
:101A000011688A429A6904BF27EA0C07DF60944292
:101A100004BF0022DA6101221A74032284F8202014
:101A200094F8482052B12022EFF3118782F31188F5
:101A300058690138586150B187F3118886F31188CD
:101A4000646024604DB9BDE8F840FFF761BF87F3DB
:101A50001188034B1B6A9847EEE7F8BD341A002043
:101A6000601B0020F0B52C498FB0002301AC05AA03
:101A700009938DF82830CDE90B14079004922023A8
:101A8000EFF3118783F31188244A01219369157AB2
:101A90001172D2F80CC058681E68D96CD3F818E0DF
:101AA0000393066018685E6846600868814204BF58
:101AB0002CEA0E01D1600120194910744E68049877
:101AC0004FF0000CC2F81CC0022283F820200160F5
:101AD000466030604860FFF775FC039B0294EDB2EE
:101AE0005C62019487F311880DB9FFF711FF202381
:101AF000EFF3118183F31188049B58681C6804601C
:101B000018685B6843600022049281F31188039B8C
:101B10005A620FB0F0BD00BFD5030000341A002098
:101B2000A01A0020F8B5244B2020DB6CEFF3118EB7
:101B300080F3118893F828204ABB204C596BE26847
:101B40005E6A257A4FF0010C84F808C032434E6873
:101B500083F828C01960EDB25E6033604B60E260CC
:101B60008EF3118805B1F8BDA169EFF3118680F3FA
:101B70001188E368B3FA83F2C2F11F02E36903EB51
:101B8000C203994206D3257286F31188F8BD8EF3FD
:101B90001188F8BD0A4B0B481F7A83F808C0FFB2C2
:101BA0000BF006FB257286F31188002FDBD1BDE810
:101BB000F840FFF7ADBE00BFA01A0020701A002049
:101BC000341A002051040000F8B52022EFF31184EC
:101BD00082F31188036B0B43036384F31188EFF3E3
:101BE000118E82F3118890F828304BBB1E4C416B4C
:101BF000E368466A257A4FF0010C84F808C0334345
:101C00004E6880F828C00160EDB2466030604860E0
:101C1000E3608EF3118805B1F8BDA169EFF3118679
:101C200082F31188E368B3FA83F2C2F11F02E36919
:101C300003EBC203994206D3257286F31188F8BDDF
:101C40008EF31188F8BD094B09481F7A83F808C044
:101C5000FFB20BF0ADFA257286F31188002FDBD1AD
:101C6000BDE8F840FFF754BE701A0020341A002077
:101C70005104000000B170472DE9F0412022EFF33C
:101C8000118182F311881D4DEB686BB92B7281F3C2
:101C900011881B4E337A012232721BB9BDE8F04124
:101CA000FFF736BEBDE8F081044681F31188A969CB
:101CB000EFF3118782F31188EB68B3FA83F2C2F174
:101CC0001F02EB6903EBC203994204D3287287F326
:101CD00011880B4EDEE70A4E0A4896F80880012369
:101CE00033725FFA88F80BF063FA2C7287F311886D
:101CF000B8F1000FCED1FFF70BFECBE7701A002032
:101D0000341A002051040000244B2DE9F0411C68D6
:101D10008CB92022EFF3118182F31188204DEB68FA
:101D200093B92B7281F311881E4E337A01223272DD
:101D30000BB9FFF7EDFD1C4B1B681BB9BDE8F0416B
:101D4000FFF7E6BDBDE8F08181F31188A969EFF3E3
:101D5000118782F31188EB68B3FA83F2C2F11F0294
:101D6000EB6903EBC203994204D32C7287F3118809
:101D70000C4EDAE70B4E0D4896F8088001233372BB
:101D80005FFA88F80BF014FA2C7287F31188B8F117
:101D9000000FCAD1FFF7BCFDC7E700BF84290020B0
:101DA000701A0020341A00208829002051040000F5
:101DB000000A09D110B5064C237C13B1054B1B7AE0
:101DC0001BB10023237210BD7047FFF74FFDF8E7EA
:101DD000341A0020701A002070B5202198B0EFF35B
:101DE000118381F31188204CE268AAB940F2000CFB
:101DF000EFF311838CF311880192019B2BB9019BA6
:101E000001330193019B002BF9D0EFF3118381F390
:101E10001188E368002BE9D0E268B2FA82F2C2F1DD
:101E20001F02236A114953F83200A06103EBC20379
:101E3000E361002602230B75267440F2000CEFF3D9
:101E400011838CF311882023EFF3118283F311881F
:101E5000074D28690BF0BCF9A1692E6009A81C3157
:101E60000BF0E4F818B070BD341A0020601B00209D
:101E7000181B0020F8B52E4B1B78002B55D02023C3
:101E8000EFF3118183F311882A4A5368072B1DDD74
:101E900081F3118840F2000CEFF311838CF3118869
:101EA0002022EFF3118182F31188234CE368A3B958
:101EB000237281F31188214D2B7A01222A720BB9EA
:101EC000FFF726FDBDE8F840FFF786BF10681C4C01
:101ED00040F8234001335360DAE781F31188A169A8
:101EE000EFF3118682F31188E368B3FA83F2C2F14B
:101EF0001F02E36903EBC203994205D30023237257
:101F000086F311880D4DD7E70C4D0E482F7A01232B
:101F10002B720BF04DF90023FFB2237286F3118868
:101F2000002FC9D1FFF7F4FCC6E7FEF7A1FD00BF03
:101F300024250020281A0020701A0020341A0020BE
:101F4000250300005104000000B97047FFF78ABD67
:101F5000F0B50446D0E90A2085B022B1BE210BF0CD
:101F6000F3FCD4E90A20D4E90E31CDE901312D4941
:101F700000912D4B111F626BFFF77EF9E061002885
:101F80004DD0616900220123914284F820306262C1
:101F900032DB264A6069116A656901EBC501E164BB
:101FA000117A137203FA00F0A061C9B22020EFF396
:101FB000118E80F31188EFF3118C80F31188D568AE
:101FC000E66CA7693D437768266067603C60746093
:101FD000D56084F8203013748CF31188EFF31183EB
:101FE00080F311888CF311888EF3118809B9FFF7FB
:101FF0008FFC002005B0F0BD0D49A261E1642023F3
:10200000EFF3118283F311882160A1F12C03496859
:102010006160196B0C601C6382F31188E9E7012091
:1020200005B0F0BDED180000D5190000341A0020ED
:10203000601A00202DE9F04715461F46D5F8188094
:102040001268EB68026184B004468A464361B8F1C5
:10205000000F45D06B692A69C4F83080002B08BF97
:102060004FF40073002A3FD0D11D21F00701521A0E
:102070001A4422F007024FF0FF33E162A2622363A9
:102080006A68A96895F82030C4F834A0C4E90E2124
:10209000EA69226484F84830CBB900236365394685
:1020A0002046FFF755FFB8B904F108022023EFF3EB
:1020B000118183F311881F4BA3605D68E5605C6844
:1020C00022605A6081F3118804B0BDE8F087194A94
:1020D000536901335361E0E7023004B0BDE8F08793
:1020E000154BD3F80080B5E7073323F00709C4F890
:1020F0002890B8F1000F09D0D8F800603B460822BC
:1021000049464046B04728B1E062B9E70B4BD3F8E7
:102110000080F1E70A4B9F4206D047B1094BC7F850
:102120000890C7E90038FEE7E0620120CCE701AF84
:10213000F4E700BF341A002058250020482500206D
:102140004C25002038E100002DE9F041044639BB60
:10215000394B1D7A01212022EDB21972EFF311865D
:1021600082F3118890F820208A421DD0022A4AD09A
:10217000032A2DD1436802681A60036842685A60D6
:1021800086F311880DB9FFF7C3FB206B431C09D000
:10219000D4E90A21002830D0BDE8F041436818474F
:1021A0000129F2D1BDE8F08142680168116001683F
:1021B000C26C4068486011688A4237D0626A3AB19E
:1021C000D2682AB1516810680860116852684A6084
:1021D00094F84820002AD3D02022EFF3118782F30D
:1021E000118858690138586120B987F31188134B59
:1021F0001B6A984787F31188C2E7114B1868BDE83E
:10220000F04143681847426A002AE1D051681068DB
:1022100008601068D168526842600029D8D04A68C6
:10222000086810600A6849685160D1E7DA68A169F6
:1022300022EA0102DA60C1E7341A0020601B0020A4
:10224000482500202DE9F0416C4D8AB0FEF7E2FCF4
:102250006B69019301ACA34204D2BE2203F8012BA7
:102260009C42FBD1664B93F82820002A68D0654A2F
:10227000654B664911601A7A0AB901221A72644BD9
:1022800093F865300BB9FEF721FE624A92F82430CC
:10229000CBB9D369012182F8241003F1080103F1BD
:1022A00010025B601B60D96099605A6103F11801EC
:1022B0001A6103F12002D96199615A621A6203F12D
:1022C0002802DA629A62544E96F83830CBB9336AF3
:1022D000012286F8382003F108025B601B60DA6097
:1022E0009A6003F110025A611A6103F11802DA616F
:1022F0009A6103F120025A621A6203F12802DA623B
:102300009A62464B1F78002F4FD095F838308BB922
:10231000012385F838302023EFF3118283F31188ED
:10232000EB696A69083B22F0070213444FF0FF3261
:102330002B612A603A4B01221A700AB0BDE8F08185
:1023400001223849384883F82820384F384EFEF7A4
:10235000CDFF384B08229A6217F00702A6EB07065A
:102360003FD1DF6126F007065E622022EFF3118085
:1023700082F31188304A1A615168596156682F49B1
:102380003160516080F31188DA6900211160596A67
:1023900051602B4919602B491A6259602A4A2B490E
:1023A00099602B49D960136061E74FF00108202242
:1023B000394602A883F800800BF0C6FA254905913A
:1023C00022462549254C01914FF4007106913B4668
:1023D00023498DF824802046FFF72CFE40B9746312
:1023E00093E71644C2F108023A44DA61083EB9E7BD
:1023F00001462046FFF7A8FEF1E700BF181B0020AA
:10240000601B002018290020281A00202029002005
:10241000A01A0020701A0020341A0020BC250020C9
:10242000242500209CE2000018280020A85D002040
:10243000A89D00208C290020081B00209C2900203A
:10244000E127000009270000482500205D03000067
:102450005D280000C025002084E00000C027002087
:1024600061030000234A2449137A70B50C680120E7
:10247000DBB21072002C37D022680A600BB9FFF76C
:1024800047FA04F12403A36220226362EFF311836D
:1024900082F3118861692069086021696069486078
:1024A00083F31188E068E8B1EFF3118382F31188B8
:1024B000C268816811608268C168516083F31188C5
:1024C0000E4D0021FFF740FE2868E168436858225E
:1024D00098470023E360286821464368BDE87040C0
:1024E00050221847054DF6E71BB9BDE87040FFF7CD
:1024F0000FBA70BD341A0020802900204825002022
:102500000D4BC26C70B4DD684168046886690C606C
:10251000016844684C6011688A429A6904BFB543F7
:10252000DD60824204BF0022DA610221012270BC18
:1025300080F820101A747047341A00202DE9F041F9
:102540004B1E03338EB004464DD83D4A07910023FD
:102550006E460B9205A9022209938DF828300C963D
:1025600003918DF810202023EFF3118583F3118858
:10257000438A9BB2002B4BD100F11408314B986970
:102580001F7A466201221A720290FFF7B9FFA3690F
:10259000CDF8008001931E609DF81030A661022BDB
:1025A000FFB23FD085F311880FB9FFF7B1F92023AF
:1025B000EFF3118283F31188039B3BB159681868CC
:1025C000086018685B68436000210391029B00214A
:1025D000596282F311889DF81000401A18BF01203B
:1025E0000EB0BDE8F081002203238DF81030039275
:1025F0002023EFF3118283F31188438A9BB215469F
:1026000033B9C9B982F3118808460EB0BDE8F0812C
:10261000638A013B9BB2638285F3118801200EB06F
:10262000BDE8F081084B03985A680360426010606F
:102630005860FEF7C7FEB5E700F114086E469DE747
:1026400075030000341A0020A01A002008B5FFF717
:1026500075FF013840B208BDF0B587B000220323F2
:102660008DF81430044604922023EFF3118583F390
:102670001188438A9BB2002B30D1214B98691E7A76
:10268000039001AF012247621A72FFF739FFA36975
:1026900004F11402019202931F609DF81430A761A7
:1026A000022BF6B222D085F311880EB9FFF730F96C
:1026B0002023EFF3118283F31188049B3BB1596807
:1026C0001868086018685B68436000210491039BE8
:1026D0000021596282F3118807B0F0BD438A013BA3
:1026E0009BB2438285F3118807B0F0BD054B049877
:1026F0005A680360426010605860FEF763FED2E7DC
:10270000341A0020A01A00202DE9F041314FDFF8E3
:10271000CC801546D8F81830BA689A4206460C465E
:102720003DD14FF0010CB26A531E2B401CBF521911
:10273000D51A336A06F12002002B3AD09C4202D807
:102740003BE09C4211D919461B68002BF9D1C4E922
:1027500000350C608A4203D04B68CA18944210D0EE
:10276000BCF1000F14D0BDE8F08160198342C4E9C8
:1027700000350C60EED158681B680544C4E900358B
:10278000E8E722682B44C1E90023BCF1000FEAD13D
:10279000C7F808C01048BDE8F041FFF7D5B807F109
:1027A0000C00FFF759FFD8F81830BB604FF0000C51
:1027B000B9E7C4E900353462D2E762199342C4E94B
:1027C00000353462CCD15A681B682A44C4E900320F
:1027D000C6E700BF1828002024280020341A002053
:1027E0002DE9F043DFF870801D46184BD8F80840FB
:1027F0009B699C4285B007460E4607D1FEF7A6FDB1
:102800000446BCB1204605B0BDE8F083914608F10E
:102810000C00FFF721FF4A4631463846FEF796FD89
:102820000023044608F10C00C8F80830FFF78CF8C4
:10283000002CE7D1064B9D42E4D025B1054BAE609C
:10284000C5E90037FEE701ADF8E700BF341A002004
:102850004C250020CCE10000182800202DE9F04193
:102860001C4FDFF87880436ABA680B60D8F81830DC
:1028700000249A42C1E9014406460D4616D1036A76
:1028800093B1204601215A681B68A242104407D91F
:10289000AA603BB114465A681B68A2421044F7D89C
:1028A000002BF0D1686071B1BDE8F08107F10C0038
:1028B000FFF7D2FE336AD8F81820BA601BB1214660
:1028C0006868AC68DFE70023BB600348BDE8F041FF
:1028D000FFF73AB81828002024280020341A0020D6
:1028E00010B52422044600210BF02EF801234FF4EA
:1028F0000072E360626184F8203010BD2DE9F0477A
:10290000044684B08A461F461546002A53D01368F1
:102910000361D3684361D2E905381269B8F1000F49
:1029200079D0002BC4F8308008BF4FF40073002A20
:102930004CD0D11D21F00701521A1A4422F007028F
:102940004FF0FF33E162A26223636A68A96895F8D9
:102950002030C4F834A0C4E90E21EA69226484F866
:102960004830D3B90023636539462046FFF7F0FAB3
:10297000C0B904F108022023EFF3118183F3118819
:10298000274BA3605868E060586802605A6081F382
:102990001188204604B0BDE8F087214A536901330D
:1029A0005361DFE7811CF4D02046FFF7CDFB002008
:1029B00004B0BDE8F0871B4B0561D3F800801A4DC9
:1029C000C0F83080012242614FF40073073323F0D6
:1029D0000709C4F82890B8F1000F09D0D8F80060B2
:1029E0003B46082249464046B04728B1E062ACE782
:1029F0000E4BD3F80080F1E70D4B9F4206D047B154
:102A00000C4BC7F80890C7E90038FEE7E0620121E7
:102A1000CAE701AFF4E70349D1F8008081E700BFBE
:102A2000341A00205825002064E2000048250020C8
:102A30004C25002038E1000089B138B511F10804B7
:102A40000BD2084A084B1068214605680822A8479F
:102A500018B1C0E90004083038BD002038BD00209E
:102A6000704700BF482500204C2500200B4659B177
:102A70008C46064A5CF8081D106853F8042C43681D
:102A8000ACEB010C62441847704700BF482500209A
:102A90002DE9F0411546002937D00C4632B312F12A
:102AA00008062ED21B4F1C4B38680822D0F8008035
:102AB0003146C04728B3466054F8042C0060083AF9
:102AC000AA4200F1080628BF2A46214630460AF0ED
:102AD00083FD2346386853F8081D54F8042C5B1A0C
:102AE0001A44436898473046BDE8F0810B46094ACE
:102AF00053F8081D106854F8042C5B1A1A444368F4
:102B0000984700263046BDE8F081BDE8F041104608
:102B1000FDF782BC482500204C2500202023EFF340
:102B2000118283F31188FEE708B52023EFF31182A9
:102B300083F31188074E7468002C08DD0546013CBC
:102B40003368284653F824309847013CF8D2FDF703
:102B50007DFC00BF281A002008B5024B03221A751D
:102B6000FFF7E2FF601B002010B50A4C0A4A2368F9
:102B7000D0F800E003EB430C42F81CE002EB4C02FF
:102B80008088908005485A1CC15402F00F022260D0
:102B900010BD00BFB8290020CC290020BC2900208E
:102BA000F8B50E4B0E4F1E68741E054604F00F0458
:102BB00004E0013C04F00F04A6420CD004EB4401F5
:102BC000062207EB410128460AF094FE0028F0D1C6
:102BD000044B185DF8BDFF20F8BD00BFB8290020E8
:102BE000CC290020BC29002040684B68C01A7047DF
:102BF0002DE9F04F1546684A89B016680293804661
:102C00000F46002E00F0C480082E54D06349039173
:102C10004FF0000C0C4605EB030A08E09D420CF156
:102C2000010056D3864204F10C046BD084468DF823
:102C300014808DF815702388BDF814209A42204620
:102C40006368EBD1A2680093E91A03EB0209CDF89F
:102C500004A02BD4A3EB050EBEF1000F1BDB9D429D
:102C60002A4628BF1A46A91AAAEB020BA3EB020EAA
:102C70007145A9EB020210D2F345CFD3934574D22C
:102C8000A9EB0502C0E90152454B444831460C22EC
:102C90000AF0E9FC34E0AAEB030B9142BED2934563
:102CA0002ED3DDE900239B1A836029E0DDF808B00C
:102CB0002A460021DAE78DF8151038498DF81400FE
:102CC000BDF814200B889A422BD0002009B0BDE833
:102CD000F08F0399A6EB0C0C0CEB4C0C00EB4000B6
:102CE00001EB80004FEA8C0221460AF013FE029BA2
:102CF000A360294B84F800800136677065601E6010
:102D00000120E3E7039906EB460301EB830101365B
:102D1000214B81F800801E60029B4F704D608B60DC
:102D2000EEE74868029B8A680090EC182B1A019421
:102D300000EB020926D4411B002910DBA842024601
:102D400028BF2A46AB1AA4EB020B0146891A8B4214
:102D5000A9EB020205D25945B7D810488EE7A4EB7B
:102D6000000B9342B1D20D4899E7029A80F8008097
:102D70004770456082600A4B084831460C220AF0D1
:102D800072FCBDE7DDF808B02A4600230146DDE706
:102D900002490126BCE700BF2C2A0020302A00206F
:102DA000E92B00002DE9F84FDFF898B1DBF800506F
:102DB0008246894690467DB30024614E234603EB4C
:102DC000430106EB8100D0E901273A4492454FEADE
:102DD000810110D80134A5422346F0D87068A0EBD9
:102DE0000A03002B1CDDFF2389F80030002388F83C
:102DF0000030BDE8F88FEB1A03EB43039A000C3167
:102E0000013D0C3A31440AF085FDAC42CBF800504C
:102E10002346D4D3002DE1D10AF100400138E2E786
:102E2000012D4ED03369A3EB0A02002A4DDC022D9E
:102E300050D0F069A0EB0A02002A4FDC032D52D0DB
:102E4000B36AA3EB0A02002A55DC042D4FD0706B45
:102E5000A0EB0A02002A60DC052D5AD0336CA3EBEC
:102E60000A02002A50DC062D4AD0F06CA0EB0A02C0
:102E7000002A60DC072D5AD0B36DA3EB0A0ABAF121
:102E8000000F4FDCF06D082D184418D008220723DE
:102E900002EB420206EB82025268111A30EA21006C
:102EA00028BF104603EB430306EB830216F82330DA
:102EB00089F80030537888F80030BDE8F88F072390
:102EC000F0E7B36818440023ECE7B3680122184424
:102ED0000023DDE7706918440123E3E770690222EB
:102EE00018440123D4E7336A18440223DAE7F06A6E
:102EF00018440323D6E7336A032218440223C7E7A2
:102F0000706C18440523CDE7B36B052218440423E5
:102F1000BEE7B36B18440423C4E7F06A04221844E4
:102F20000323B5E7336D072218440623B0E7336D5A
:102F300018440623B6E7706C062218440523A7E759
:102F4000302A00202C2A0020034B04480021602254
:102F500019600AF0F9BC00BF2C2A0020302A00209A
:102F6000002A5DD02DE9F0412E4D871C4FF0000E58
:102F700029E0CE5C62450EF1030E4FEA062644D9E5
:102F800011F80C30334343EA0443C4F38D04C3F314
:102F9000053615F80480AE5DC3F385144FF0000CC0
:102FA00003F03F032C5DEB5C68F3070C66F30F2C1A
:102FB00064F3174C63F31F6C964547F802CC07F196
:102FC00004030DD21F460EF101039A4211F80E4080
:102FD0000EF1020C4FF00006CBD89E463346D1E7E7
:102FE0001149A1FB023121F0010303EB5103D31A74
:102FF000012B07F101040BD0022B01D13D232370DB
:10300000C0F10202D019BDE8F081E6460023B9E71D
:103010003D23C0F102027B703B70D019BDE8F08106
:1030200010467047C8E20000ABAAAAAA2DE9F047F3
:10303000504F1E463B78054688461446BBB94FF4B0
:103040008072FF214C480AF07FFC4C4A4A4802F14A
:10305000400196460EF1010EF44671451CF8013907
:10306000ACEB020C00F803C0F4D101233B70A307C2
:1030700071D1002C69D008EB0403A70813F8012CC8
:103080003D2A07EB470706D113F8023C3D2B14BF3E
:1030900007F1FF37023F0022DFF8DCE0414610462F
:1030A0000FE002F1020C4FEA1829BC4505F8039025
:1030B0005ED205F80C8003320430844201F1040131
:1030C00042D90B7891F802803D2B18BF1EF803A05F
:1030D0004B7808BF4FF0000A3D2B15BF1EF803C008
:1030E00053464AEA0C034FF0000CB8F13D0F18BFED
:1030F0001EF8089091F8038014BF43EA09034FF0CB
:103100000009B8F13D0F1ABF1EF8088043EA080312
:103110004FF0000813F0C00F24D19742CCD94FEAEA
:103120000C3C4CEA8A4C4CEA891C531C4CEA0808BB
:10313000BB424FEA1C4C05F802C0B2D304308442B3
:103140001A4601F10401BCD83C460EB1002333609D
:103150002046BDE8F08716B14FF0FF333360002002
:10316000BDE8F087002EFAD06FF001033360F6E778
:103170006246A1E7902B0020902A0020C7E20000C1
:10318000F0B5924C85B0A51C00260027204600F023
:10319000ABFB0128FADD6378103B152BF6D8DFE88E
:1031A00013F0B900AF00A7009E00D400CA00DA00F7
:1031B0006F00EE008F0083007800FD00E400F40053
:1031C00066005300460061003B00360016000728E9
:1031D000DCDDA1780229D9D8E378032BD6D8012BDE
:1031E000D4D094F804C0BCF1030FCFD8E279F52A0B
:1031F000CCD802F1080E8645C8D10846B4F80510AF
:103200000191CDF800C0724902F0CCFBBEE7022864
:10321000BCD104F01BF9B9E70328B7D1A178032981
:1032200086BF00210120002002F0C2FCAEE7023878
:103230001028ABD88110674802F068FC011EA5DA9F
:10324000654800F03BFAA1E70728CDE902679DD168
:1032500028682B7902908DF80C30DDE9020102F02C
:1032600011FC93E7022891D102F0E0FB8EE70328DE
:103270008CD1A078003818BF012002F0FDFB85E753
:10328000022883D109F092FB544B0122C3F87C251C
:10329000FEE709287FF47AAFA0785149003818BFBB
:1032A000012002F0EDFA71E71F287FF46FAFA078DC
:1032B0004C4A003818BF0120911F02F0F3FA65E76D
:1032C00005287FF763AF63799A1D82427FF45EAF72
:1032D000454A21791846638803F0ACFF56E7082871
:1032E00013BF00213B490120084600F00FFE4DE7C7
:1032F00003287FF44BAF94F9020000F001FE45E78C
:1033000003287FF443AFA078003818BF012002F0F3
:1033100093FA3BE70C287FF439AFA07827283FF6D3
:1033200035AFE279032A3FF631AFA368D4F8031032
:1033300002F00AFA2AE703287FF428AFA0780038C1
:1033400018BF012002F03AFA20E702287FF41EAFEE
:1033500002F03AFA1AE703287FF418AFA078003891
:1033600018BF012002F06EFA10E704287FF40EAFB8
:10337000608813287FF60AAF02F078FB06E7811E0B
:1033800089B2284602F066FA00E7122813BF00212E
:1033900010490120084600F0CDFDF7E643287FF4F0
:1033A000F5AEA07803283FF6F1AEE2781F2A3FF68B
:1033B000EDAE94F823301F2B3FF6E8AE00930B4B95
:1033C000A3F1200102F0B0FAE0E600BF942B002048
:1033D0009C2B0020962B0020A4E00000000020433E
:1033E000972B00209D2B00209A2B0020B82B00202B
:1033F00070B5094C094D2046FFF772FA4FF4806012
:1034000003226061E2602561224605490548BDE866
:1034100070400023FFF772BA18310020C02C002042
:1034200081310000C03000200649074ABFF35B8F9E
:1034300000230B60BFF35B8FBFF35B8F1360BFF3A1
:103440005B8F7047403100203C31002010B5184A96
:10345000184CBFF35B8F1368BFF35B8FBFF35B8FB9
:103460002468BFF35B8F1B1B062B00D910BDBFF375
:103470005B8F52E8003F5C1C42E8004CBCF1000F3F
:10348000F7D1BFF35B8F03F007020B4B8C4602EBC7
:10349000420103EBC10E094B23F81200BCE80F00F8
:1034A000AEE80F009CE803008EE8030010BD00BFEB
:1034B000403100203C3100205831002044310020B0
:1034C00010B51D4B1D4CBFF35B8F1A68BFF35B8FAC
:1034D000BFF35B8F2368BFF35B8F9A4201D100205B
:1034E00010BDBFF35B8F2368154ABFF35B8F03F0FA
:1034F000070332F81320824202D0121A1204EED5CA
:10350000104A03EB430302EBC30E8C46BEE80F00E8
:10351000ACE80F009EE803008CE80300BFF35B8F6C
:1035200054E8003F013344E80032002AF8D1BFF3E9
:103530005B8F012010BD00BF403100203C310020D6
:1035400044310020583100200E4B0F4ABFF35B8FEF
:103550001968BFF35B8FBFF35B8F1268BFF35B8F9C
:1035600091420DD0BFF35B8F1B680848BFF35B8FA0
:10357000013B03F0070303EB430300EBC300704779
:1035800000207047403100203C310020583100209D
:103590002DE9F043DFF86890164E002114461FFA1B
:1035A00080F8070C89F800100D460A46C1F1200E7C
:1035B000A1F1200C24FA01F003FA0EFE40EA0E00FD
:1035C00023FA0CFC40EA0C00C00703D5501CB15490
:1035D0000125C2B201312529E8D10DB189F80020B9
:1035E0000548064988EA0702C1E900430280BDE8B0
:1035F000F08300BF1C320020183200204832002027
:1036000041320020274B28491B885840C0F307222D
:10361000C0B210B48C5C0A5C42EA042202EB0212D3
:103620001A44C2F30720D2B2085C8A5C42EA002244
:1036300002EB02121A44C2F30720D2B20C5C8A5C7D
:103640001A481B4942EA042202EB02121A44534070
:103650009BB2A0FB03201A1A00EB5200400900EBBA
:10366000C00200EB8200181AD1E9002480B2C0F138
:10367000200104FA01F1C2400A43A0F1200124FA1A
:1036800001F10A43D20709D40A4A0B4912785DF8BE
:10369000044B02FB03F31B14C85C7047C0B25DF817
:1036A000044B70471832002008E300004D91CFBA58
:1036B00048320020413200201C3200200FB410B5E7
:1036C000A6B028AB039953F8042B01930024C1F34F
:1036D0000E01CDE902414FF4205106A8ADF81010BB
:1036E0008021059009F06AFFBDF80C30024662F3B4
:1036F0000E0302A8ADF80C3000F026FB26B0BDE8A2
:10370000104004B0704700BF024B00221A7002F054
:10371000C7BB00BF5432002000B585B001A807F038
:1037200039FA084B02930020642201A90392ADF8F4
:10373000040007F0C5FA044B186010B105B05DF83D
:1037400004FBFEE7093700005832002008B902F0F8
:10375000A7BB38B50A4D024604460021286807F089
:1037600021FA084B01221A7004F074FE064A00EB9D
:10377000840414602868BDE8384007F047BA00BFE9
:103780005832002054320020503200200D4B1B785C
:1037900003B9704770B50C4E0446306807F05AFA0A
:1037A0000A4B1D6804F056FE05EB8402121A002134
:1037B0003068920807F0F6F93068BDE8704007F00D
:1037C00025BA00BF54320020583200205032002069
:1037D000024B00221A7002F0CDBF00BF6032002001
:1037E00010B584B001A807F0D5F96424074B029303
:1037F000002201A901200394ADF8042007F060FA2B
:10380000034B186008B104B010BDFEE7D1370000CB
:10381000643200202DE9F041044678B9194D2B7827
:103820001BB9BDE8F04102F0A5BF174B186807F0BF
:1038300011FA2C70BDE8F04102F09CBF114FDFF887
:103840004C8004F007FE3B7800EB84052BB1D8F8E0
:1038500000305B1BB3F1004F11D80B4E306807F0FE
:10386000F9F930682246002107F09CF901233068FD
:103870003B70C8F80050BDE8F04107F0C7B9BDE89B
:10388000F08100BF60320020643200205C320020F2
:1038900008B5FCF73DFD01F0F7FC00F0FFF9FFF77C
:1038A000A7FDFFF739FFFFF79BFFFDF7E7F80020C3
:1038B00008BD00BF00B58BB001A807F0F9FA4FF4BE
:1038C0006123002001A907938DF8180007F046FE38
:1038D000044AB0FA80F35B09106058420BB05DF8FF
:1038E00004FB00BF903500202DE9F0437F4E804C53
:1038F00087B004AB012231460746206807F012FC6E
:103900000A230093206804AB0522711C07F000FB1A
:10391000049B042B40F293800DF10C0843460422D3
:1039200031463846FFF782FB039B002BC0F2C18073
:103930003D7805EB4503B3F5967F00F39D80012D9F
:1039400014DC16F825300D2B4FEA85025AD11644A7
:1039500073780A2B56D1434664493846FFF766FB15
:10396000039B002B2FDB07B0BDE8F0834FF4D3722D
:1039700005F1FF3900924FEA890904AB20684A46F5
:10398000B11D07F0C5FA049B4B45DAD200238DF830
:103990000B3005AD0DF10B062B4620680122314698
:1039A00007F0C0FB9DF80B300D2BF5D12B4620689E
:1039B0000122314607F0B6FB9DF80B300A2BF3D1FC
:1039C0006FF00300CFE700238DF80B3005AD0DF14C
:1039D0000B062B4620680122314607F0A3FB9DF819
:1039E0000B300D2BF5D12B4620680122314607F014
:1039F00099FB9DF80B300A2BF3D103980A3807B0D6
:103A0000BDE8F08300238DF80B3005AD0DF10B06FA
:103A10002B4620680122314607F084FB9DF80B30CD
:103A20000D2BF5D12B4620680122314607F07AFB99
:103A30009DF80B300A2BF3D16FF0040093E70023BD
:103A40008DF80C3005AD0DF10C082B4620680122D5
:103A5000414607F067FB9DF80C300D2BF5D12B4646
:103A600020680122414607F05DFB9DF80C300A2BCF
:103A7000F3D14FF0FF3076E700238DF80B3005AD22
:103A80000DF10B062B4620680122314607F04AFB58
:103A90009DF80B300D2BF5D12B46206801223146C5
:103AA00007F040FB9DF80B300A2BF3D16FF00200BA
:103AB00059E700238DF80B3005AD0DF10B062B46B1
:103AC00020680122314607F02DFB9DF80B300D2BAD
:103AD000F5D12B4620680122314607F023FB9DF8E3
:103AE0000B300A2BF3D16FF001003CE7FC330020D0
:103AF00090350020F0B50D4E0A4683B001463046A1
:103B0000FFF72EFA40F60D23841C33520BD0084FDA
:103B1000002501AB22467119386807F077FC019B3C
:103B2000E41A1D44F5D103B0F0BD00BF6832002097
:103B3000903500202DE9F84F4E4EDFF858914E4F4A
:103B40004E4DDFF85481DFF848A1D9F800004FF05E
:103B5000FF31FEF7F3FC3868012105F033FFBFF3B6
:103B60005B8F2B68BFF35B8F03F0070308EB031039
:103B70001B018288C2F30E04B4F5827F22461DD851
:103B800090F809E0C1680EF03F0CACF1280CBCF1D4
:103B9000030F49D8DFE80CF02935220214233848F6
:103BA0007370B47009F018FD631DAAFB0323C3F3FF
:103BB0004703E11C30463370FFF79CFF3868002153
:103BC00005F000FFBFF35B8F55E8003F013345E888
:103BD0000032002AF8D1BFF35B8FB6E7132373706E
:103BE0000B78B37003210123E4E711232548737098
:103BF00009F0F2FC231DAAFB0323C3F34703A11C16
:103C0000D8E758F80330204812229B0872702246E9
:103C1000C6F8023009F0E0FC04F10803AAFB032314
:103C2000C3F34703A11DC5E758F803309B08C6F846
:103C300002304379DB0944EAC3320EF0C003CEF30D
:103C4000050E43EA0E03F372C3883381037AF280D0
:103C5000B372224610230D48737009F0BDFC0C4A64
:103C600004F10E03A2FB0323C3F3470304F10C0189
:103C7000A0E700BF94350020683F0020C036002038
:103C800097350020963500209A350020A035002079
:103C9000ABAAAAAA8C3F0020C836002030B5214B21
:103CA000214A03F5027103F58270D16203F5826146
:103CB00083B0D360D061D16403F2145003F5C361C3
:103CC00003F5437403F21C73D065D166D367D463E4
:103CD00005F0FEFC0020694605F0D8FD134B186086
:103CE000D8B1002211461046FDF7FCFC104C114BD8
:103CF000114D1860FFF7DEFD2046FEF7F1FD4FF491
:103D0000806003226061E2600C490D482561002358
:103D10002246FEF7F3FD03B030BD0A48FEF7FEFE73
:103D2000DFE700BF48370020C8360020683F00208A
:103D3000E84300208C3F0020903F0020353B0000EE
:103D400090430020C0E00000F8B5437A03F03F0341
:103D5000272B044653D9A388C3F30E03B3F5827F00
:103D600000D9F8BD5B4A5C49BFF35B8F1368BFF3B2
:103D70005B8FBFF35B8F0968BFF35B8F5B1A03F048
:103D80000703072BEDD0BFF35B8F52E8003F591CB0
:103D900042E800100028F8D1BFF35B8F4F4FA28894
:103DA000E16803F0070307EB0315C2F30E02E868AE
:103DB0001E0109F011FCA288AB88494962F30E0389
:103DC000AB8063796A79DB0963F3C7126A71E388B0
:103DD000EB8094F908302B722368BB516B7A627ABE
:103DE0000868083562F305036B70637A6A789B098B
:103DF00063F387126A70BDE8F840FDF7A5BD01F0D6
:103E00005FFA002834D1374B94F9082093F9003039
:103E10009A42A6DB344B197819B9344B1B78002B26
:103E20002FD0A388C3F30E03012B9AD9E06805783D
:103E3000012205F00F06B24012F0570F3BD112F4E9
:103E4000C07F22D112F0280F8BD00D2B89D900F121
:103E50000803ED09002935D1244A12788AB1002DD2
:103E60003FF47FAF2248194602F08EFC48B9F8BDF6
:103E7000204A63791178204A61F3C713637113688C
:103E8000E380204601F02AFA65E7022B3FF469AF90
:103E9000827802F03F02961C9E42BFF662AF002A73
:103EA000EFD0C378DB07ECD5062A7FF65AAF031DA7
:103EB000C5F38015CEE7072B7FF653AF831CC5F300
:103EC0008015C7E70D490622184609F013FD0028A2
:103ED000D7D0F8BDC4360020C0360020C836002038
:103EE0008C3F00208C1B0020803F00206C3F002076
:103EF000703F00200C440020C8450020843F002073
:103F0000014B1870704700BF8C1B0020034621B185
:103F1000054A08681060898891800448044A037043
:103F200000211170704700BF843F0020803F0020B7
:103F30006C3F002010B4844631B10B4608689A6883
:103F4000064C4968DB680FC40549064B5DF8044B15
:103F500081F800C000221A70704700BF703F002037
:103F60006C3F0020803F002000680B68C01A70473B
:103F700010B586B00B4A039B107003F40043002178
:103F800043F001038DF807004FF428520DF10704A8
:103F900002A8CDE902130594ADF81020FFF7D4FE76
:103FA00006B010BDF2450020284A294B1178D3E90C
:103FB000002319B127490868FFF7EABA30B50C4663
:103FC0008BB0C1F1200EA1F1200C22FA01F003FA0E
:103FD0000EFE40EA0E0023FA0CFC40EA0C00C50776
:103FE00006D504F128006844013400F8281CE4B226
:103FF00001312529E5D1184D0021C1F1200EA1F193
:10400000200C22FA01F003FA0EFE23FA0CFC40EA1F
:104010000E0040EA0C00C0075FFA81FC0FD4BCFB25
:10402000F4F004FB10CC0AA850FA8CFC01311CF807
:10403000280C05F8010F2529DFD10BB030BD013167
:10404000252905F801CFD8D10BB030BDC2450020DD
:10405000D8450020981B0020F34500202DE9F041B1
:104060001546304A304C98462B6813606A7D6B6861
:1040700007462E4802F01F0202702D480E4623F01C
:104080007F4101602B482C49027000220A700020F9
:104090000021C4E90001637D286920602A7D227126
:1040A00043F002036375FFF77FFFB8F1000F36D0CE
:1040B000BB1E42F2107243F69820012B8CBF1146B2
:1040C0000146627D6B89B5F808C0277522F00502AC
:1040D00042F005026275AA896282A6F5FA6641F28B
:1040E000883202FB03F302FB0C661E440E44E8898F
:1040F0001249A36049F6404203EB43030E60104DA2
:10410000104906EB430300FB02F20F4EE26000226F
:1041100033602A60BDE8F0410A60FFF785B941F2DB
:104120008831CEE7981B0020D8450020D4450020D8
:10413000D0450020D5450020C1450020CC450020B9
:10414000C84500207C450020C4450020F0B587B05C
:10415000234A039B234C1278227003F4004343F05C
:1041600001038DF8072000250DF107024FF42856B2
:1041700002A8CDE902530592ADF81060FFF7E4FD07
:10418000194B1A4A1A602378042B02D0184F3B7837
:104190000BB907B0F0BD0DF107030593039B154A5A
:1041A000029503F40043156043F00103124A0393A0
:1041B000124B157002A8012549F640429A60ADF8ED
:1041C000106025708DF80750FFF7BEFD0C4B3D7059
:1041D0001A221A6007B0BDE8F04002F0CBBA00BF67
:1041E000F1450020F2450020981B0020D6BE898EA4
:1041F00061450020C8450020C0450020D84500206A
:10420000941B00202DE9F043A44B1A7887B0044694
:104210000AB100297AD0A24D2978032904D1A14AF4
:10422000137883F001031370A388C3F30E03012BEB
:1042300020D9E3681A7893F8018093F8029002F08D
:104240000307D20608D4974B97481B7801229A405F
:10425000037823EA02030370944E337843B1944BFE
:104260001B782BB1904B1B7813B9032900F0858084
:10427000032F02D007B0BDE8F083A388C3F30E0379
:10428000023B4345F6D1FFF75FF98A4B002814BF84
:1042900007461F463378002B40F02281B9F1180FF2
:1042A000E8D801A353F829F02D440000E5430000AD
:1042B0008743000075420000754200008143000002
:1042C0007542000075420000754200007542000012
:1042D0007542000075420000754200007542000002
:1042E00075420000754200007542000075420000F2
:1042F00075420000754200007542000075420000E2
:104300007542000075420000994300006A4A6948FE
:1043100015688268266819706849521B0B68644DDD
:104320003244674E2D7846F82320013303F003030F
:104330000B6085B1634A407D216813684607A1EB95
:1043400003030CD46048614D03F6C413A0FB0303C0
:104350001B0B2B8001E021685A4A11605BE7C507FF
:10436000FBD44007F9D55A4D286802289CBF594E06
:1043700046F8203001302860EFE702F0FBF977E7DC
:104380000123337076E7B8F1020F7FF473AF07B003
:10439000BDE8F043FFF7DABEB8F1050F7FF46AAF6E
:1043A0003E460FCE6D460FC596E8030085E8030034
:1043B000D4F80CC00024ADF810409CF8033003F092
:1043C0000703022B00F04281042B00F03D81012BFA
:1043D00000D03C7D8DF81440BCF805006946FFF71D
:1043E00035F847E7B8F1080F7FF444AF0FCF6D46BB
:1043F0000FC597E803000022002385E80300CDE9FC
:104400000023E4689DF81530D4F803000090E279A9
:104410008DF80420002643F002038DF81530ADF826
:10442000106020896946FFF711F823E7B8F10C0FF7
:104430007FF420AF0FCF6D460FC597E8030085E8E6
:104440000300E4689DF81530A288ADF8102023F031
:10445000050343F00503E2888DF81530E388ADF8D5
:1044600012306389A08941F2883C49F6404606FB38
:1044700003F30CFB02F26946CDE90223FEF7E6FFE7
:10448000154B1B68002B3FF4F5AE14490A68013B3D
:1044900093427FF6EFAE01320A60EBE6BC450020A6
:1044A000F24500200C44002062450020C145002058
:1044B000901B0020D8450020CC450020A4450020BA
:1044C000A8450020A04500205917B7D16645002017
:1044D0009045002094450020804500207C45002028
:1044E000B8F1090F46D0B8F10C0F61D0B8F1100F38
:1044F0007FF4C0AE564BE2881E68002E7FD055492F
:104500000B68013E9E4202D9581C08601E46524B61
:1045100003EB860133F826E04E8841F28830BC4632
:1045200000FB0EFE1644BCE80F006D460FC59CE86C
:10453000030085E803009DF81530CDF808E023F06E
:1045400007034FF0000843F00303B0B26946ADF82B
:1045500010808DF81530FEF779FFBB683F4A404860
:10456000404903F6C413A2FB03231B0BE28802801D
:104570000B807FE63C4B1D78002D7FF47BAE3B4AE1
:104580003B7D92F800C063453FF474AE0FCF6E469A
:104590000FC6E48897E80300073486E803006946FD
:1045A000A0B2ADF810508DF814C0FEF74FFF61E6D1
:1045B0002B78062B3FF45EAE7B7DDB077FF55AAE92
:1045C0000FCF6D460FC597E8030085E80300E48828
:1045D0009DF81530093423F007034FF4202C4FF0D9
:1045E000FF361F2743F005036946A0B2CDE90067F7
:1045F000CDF810C08DF81530FEF728FF3AE62B787D
:10460000062BAAD01A4B1B78002BA6D0BE46951DB0
:10461000BEE80F00EC46ACE80F009EE803008CE813
:1046200003009DF81530DFF84C80CDF8088023F0AA
:10463000070343F002036946A8B2ADF810608DF895
:104640001530FEF703FF88E70224C3E60124C1E624
:10465000804500207C4500206C4500205917B7D1CB
:104660006A4500206845002064450020921B002018
:10467000901B0020804F1200F0B58FB004460F460B
:1046800003F0E8FE294B00901B7800228DF80820EB
:10469000002B45D1264B274A1B78D35C264A246839
:1046A000127D03F03F0343EA821304AA8DF8093018
:1046B00003929CB397B3214E002501E0AF422DD069
:1046C000E3885A1E90B2262824D8A168087800F002
:1046D000030CBCF1030F1DD131F803C0BCF1000F76
:1046E00001D1B6F800C08DF81000BDF80400ADF897
:1046F00006C0013363F30E00D2B20131ADF80400FD
:104700000DF112008DF8112008F066FF01216846B6
:10471000FFF778FD24680135002CCFD10FB0F0BD34
:10472000064B1868FEF76EFF0346B7E7C245002048
:10473000D5450020F4450020D8450020C84500207C
:104740002DE9F0470C4686B0054603F083FE002CA9
:1047500000F0B180864C874AE36803441360637DB0
:104760009E072FD5002D40F07C81834FDFF85082CB
:104770003868824E824B98F800201B781A44814B8F
:1047800083FB021313445B1103EBC301013003EB02
:1047900081033860D21A764988F8002080B2FEF78B
:1047A0008FFE00286AD135B1637DDA0703D53B68F7
:1047B0009B0700F094803268A3681344336006B00E
:1047C000BDE8F087002DD0D06F4B1B78002B7FD138
:1047D000DFF8EC816D4A98F80030674FD05C6C4B85
:1047E000DFF8C4A11978A0F120060123C0F120024E
:1047F00003FA06F623FA02F2164303FA00F9DAE99D
:10480000003231B109EA030106EA0200014300F077
:10481000358149EA030316431F2E08BFB3F1FF3F5A
:10482000CAE9003600F021815A4B1B781BB3584B64
:104830001B78002B60D1637D590761D4564A5749D4
:10484000B2F800C00A8813F0010940F042815448D0
:10485000068838689445A0EB0606B6B200F01B81C6
:10486000ACEB020243F0040390B2637502F0B0FDBA
:10487000304602F0CBFD3868404E7BE73368228A31
:1048800041F2883101FB02333360FFF78DFB414B6E
:104890001B7833B1637DD80703D4424B4FF0FF320E
:1048A0001A60637D99073FF57EAF3F4B00200021E2
:1048B000C3E9000177E72F4B1B681B1AB3F1004FC8
:1048C00000F280802A4C637D9E073FF54BAF79E76D
:1048D000294FDFF8EC803868FEF794FE7FE7334D10
:1048E000334B04221146284608F0BDFE3268AB68FF
:1048F0001A44A2F5FA625FE7637DD80700F1A98048
:10490000637DDA07B7D45E07B5D5264B1B68033B3A
:104910000533B0D8274E264B04220321304608F039
:10492000A2FE7068244B154E00F6C410A3FB0030A5
:10493000637D43F00103000B637541F2883300FB94
:1049400003F380B2A36002F0EDFC1C4B174A196818
:10495000A36838689FED047B0B4482ED007B82EDF9
:10496000027B336006E700BFD0070000D0070000DD
:10497000D8450020C4450020C8450020CC45002073
:10498000D4450020A7C867DDC2450020F4450020BB
:10499000BC450020901B0020664500206845002093
:1049A0006A4500209045002088450020A845002049
:1049B000693F0000944500205917B7D1A045002059
:1049C000D5450020039B4B4A4B4D12782A7003F4C7
:1049D000004343F001038DF807204FF428560DF1F2
:1049E000070202A8CDE902430592ADF81060FFF777
:1049F000ABF9424B424A1A602B78042B3FF4DFAEEE
:104A0000404F3B78002B3FF4DAAE0DF107030593DE
:104A1000039B3D4A029403F40043146043F00103F6
:104A20003A4A03933A4B147002A8012449F64042D3
:104A30009A60ADF810602C708DF80740FFF784F98C
:104A4000344B3C701A221A6006B0BDE8F04701F002
:104A500091BE314AA36811683868304E0B44136028
:104A600088E6294FDFF8BC80DEE6637DD4E90001EB
:104A700043F00203637502F071FCD5E6236823EA74
:104A800009032360636823EA06036360FFF78CFA77
:104A9000DAE90032BDE60C2E7FF6EEAE23F0050318
:104AA00043F0050363751C4B1C4E1A6841F28833B2
:104AB00003FB0CF31A444846A360326002F088FC02
:104AC000484602F0A3FC1649088802F02BFC38681F
:104AD00050E6124E43F00403ACEB020263753368F8
:104AE00090B241F2883202FB0033336002F070FC76
:104AF00038683FE6F1450020F2450020981B002071
:104B0000D6BE898E61450020C8450020C0450020E2
:104B1000D8450020941B0020A0450020CC45002053
:104B200068450020D54500202DE9F04F95B001F0F3
:104B30008DF802F011FB9D4CDFF8E0B2DFF8E09257
:104B40009B4EDFF8E0820DF1380A2378002B52D01B
:104B5000012B00F0F281022B00F02C82033B072B8B
:104B600000F27C83DFE813F06001E0018D01DD00DD
:104B7000A10080006C00080000238BF8003089F849
:104B800000308C4B1F8803F065FC8B4B8B4A1B88D5
:104B9000059305468A488B49037804938A4B8B48D2
:104BA0001B7803938A4B1B7802938A4B1B780193E3
:104BB000894B1B7800931278884B01F081FC804868
:104BC000874B0278013283FB021313445B1103EB22
:104BD000C30103EB8103D21A237802700A2BB4D1EC
:104BE00005F007053D44642005FB00F0FDF7ACF936
:104BF0002378002BACD18BF8003089F80030794B4A
:104C00001B78002B00F0C48203F024FC10AA51464C
:104C10000546FEF7C7F8451BB5F5FA6F034694D471
:104C20009DF83810FF2900F0EB829DF840006E4A95
:104C30000093664B01936D4B1B6801F035F884E7D8
:104C4000624B01935D4B6A4A1B7800931178694A65
:104C500000238BF8003089F800301078594B4FF062
:104C6000FF3201F027F970E700238BF8003089F854
:104C70000030504B1F8803F0EDFB5F4B01935F4BFF
:104C80004E4A1B7803935E4B4E491B780293524B5E
:104C90001B7800931278514B05464C4801F054FBA9
:104CA0002378082B7FF451AF9AE7727D00235007D9
:104CB0008BF8003089F8003048BF1F46514B58BF71
:104CC000B7681B78002B40F079824F4B4F4A1B7816
:104CD000D55C504602F0EAFA0DAB04933B4B0193CE
:104CE000D8F80030CDF808A03B440093002303938C
:104CF000474A9AE8030001231370464B464A1B6853
:104D0000126810AF87E80300307D294601F0D0F922
:104D10002378072B074600F08F810D9802F0ECFAFC
:104D200013E7384B1A7800238BF8003089F80030ED
:104D30000D93002A40F02682334B344A1B78D35C13
:104D40000993504602F0B2FA314AD8F80070757DE6
:104D500000239AE8030013700122B3688BF8002047
:104D60000DF1400C07F5FA6215F004058CE803001C
:104D7000A2EB030200F08E810DAB0493134B039260
:104D80000193254A234B0097CDF808A01B68099989
:104D90001268307D01F0FEF8034622780D99062A4C
:104DA00000F02F81084602F0A7FACEE6F245002077
:104DB000D84500208E1B0020304500205F45002094
:104DC0002F4500205845002032450020493D000075
:104DD00033450020344500202E450020304400207B
:104DE000A7C867DD60450020D6BE898E9C1B0020C9
:104DF000A01B0020F0450020104400203545002075
:104E00002F440020C2450020D5450020F445002055
:104E1000BC450020D0450020981B00200C440020F9
:104E2000BD450020CC450020A14B1A7800238BF80B
:104E3000003089F80030002A40F0BA819D4B9E4A2C
:104E40001B78D15C737D9D4A01925F07D8F80020E2
:104E500058BFB3689A4F307D48BF00231344994A26
:104E6000009303231370984B984A1B68126801251E
:104E70003D7000F019FF397828466940FFF760FC63
:104E800063E60DF13303CDE905A3914B0493914BF8
:104E90000293914B0093914B914A1B780393914B52
:104EA0001B7801931178904A012310788BF8003019
:104EB0000025824B89F800504FF0FF3201F098F93D
:104EC0002378052B7FF441AEA842C0F2AB81784A2B
:104ED000CCBF01230023012813709DF833007C4AC6
:104EE000D4BF002301232946FFF7B8F8B3680E9A10
:104EF0001344A3F5FA63C8F8003001F06DF90DAB67
:104F00001393119B109503F4004343F00103119395
:104F1000062323708DF8343010A84FF42853ADF8D1
:104F20004830FEF711FF10E6002364208BF80030B4
:104F300089F80030FDF708F807E66C4B6C491A78E1
:104F400000230B706B498BF8003089F800300B7030
:104F500012B16948FEF75EFC684B584A1B68684905
:104F600023B1684B1B78002B00F02E81002000F04D
:104F7000EFFE2378012B7FF4E8AD5D4A127862B929
:104F80005C4A12784AB9594A1278002A40F05C818A
:104F90005C4A12780AB95B4A1370584B1B68042BA1
:104FA0007FF6D3ADB068800802F0F6F90220FEF774
:104FB000DFFFCAE54D4B54491A7800238BF80030C7
:104FC00089F800300B70002A5BD003F043FA10AA76
:104FD00051460546FDF7E6FE451BB5F5FA6F074657
:104FE0003FF5B3AD9DF83810FF2900F01E81334B1B
:104FF000009001939DF84000444B454A00F054FE58
:10500000A3E510A80993FFF737FB0D9802F074F998
:10501000D8F8005003F01EFA3E4A099B281A6FF494
:10502000FA654119914240F2D480B3FA83F14909FB
:105030000020FFF785FB88E50D9910A8FFF71CFB02
:105040000D9802F059F9D8F8005003F003FA314AEC
:105050002B1A6FF4FA61591891420BD82E4A127824
:1050600012B12E4A12782AB92D4AA2FB03235809FD
:10507000FCF76AFFB7FA87F149090120FFF760FBE7
:1050800063E5B0680D4A00F59C5108313C3800F0EA
:105090005FFE5AE523490B92A1FB03130020C3F3E3
:1050A0000F330021CDE90E010A93284658E000BFD6
:1050B000C2450020D5450020F4450020493D0000B0
:1050C000BC45002062450020D0450020981B0020F0
:1050D0003845002050450020584500205E450020FE
:1050E000A01B00205F450020F04500206045002007
:1050F000BF450020BE450020C0C62D00C845002089
:10510000C0570100C045002063450020555555009B
:10511000D6BE898E2DF8FF7FC1450020901B002050
:10512000CDCCCCCC5917B7D10DAB04934C4B0193DC
:10513000D8F800304B4ACDF808A03B4400930B9BB5
:10514000307D0999FB180393474B12681B6800F0E8
:1051500021FF6B1C002844D09DB20A9BAB425AD35E
:1051600041F2883303FB05F72378062BDCD0034696
:105170000A9AAA42BFF411AE3C480993FEF79EFA80
:10518000099B0AE63A4B1868FEF73CFA0990D8E505
:10519000334B01934FF0FF330093324A354B36497E
:1051A00036481B6812680978007800F07DFDCCE471
:1051B0002F4B1868FEF726FA014643E62C4B186879
:1051C000FEF720FA054684E54FF4E16000F0C0FDEB
:1051D000CFE62B4AA2FB00204009FCF7B5FE099B55
:1051E00023E7727D099042F004022846727502F0AE
:1051F000EFF8D8F80020099B3A44C8F80020B7E738
:105200001D4A11781D4A8DF838101078154A8DF80E
:10521000400012680CE5034614480993FEF74EFA65
:10522000099BBAE5FEF792FF8FE403F013F9381AF1
:105230008008FEF7EFFAB068094A00F59C51083182
:105240003C3800F085FD80E44FF42C630D48B360DA
:10525000FEF734FA0220FEF78BFE76E4FEE700BF8D
:10526000493D0000981B0020D045002014E10000BB
:10527000C84500209C1B0020A01B0020F0450020FA
:10528000CDCCCCCCECE0000070B5094C094D2046EB
:10529000FDF726FB4FF4806003226061E260256128
:1052A000224605490548BDE870400023FDF726BBAE
:1052B000744A00201C460020294B00001C4A002094
:1052C000054B1878032805D0063801288CBF00202C
:1052D0000120704701207047F24500202DE9F04F72
:1052E000B94D95F800C0BCF1030F89B0044603D056
:1052F000ACF10603012B04D8637A03F03F03242B9F
:1053000033D9A388C3F30E02012A0192134617D999
:10531000E26892F8018016785F1E474510460FDD5F
:1053200006F00F07022F06F00E090CD9062F0AD03F
:10533000042F40F08780A54A1360B9F1000F0DD00B
:1053400009B0BDE8F08FBCF1010F15D0BCF1020F20
:1053500051D0B9F1000FF3D1167810463146023022
:1053600009B0BDE8F04FFDF7FFBB0021204609B0B2
:10537000BDE8F04FFEF746BF637A03F03F03252BED
:1053800000F0E380262B00F08280272BE1D1DFF8AC
:1053900060C29CF80030002BDBD1DFF858A28C4BA8
:1053A0008C4893F800E0DAF80030D4F800B001330C
:1053B000CAF800300368C0F800B0ABEB030001236B
:1053C0008CF80030BEF1000F00D14008824B996884
:1053D00081420AD9BDF904109860A0EB4110B0F5E4
:1053E000BE6FB6D27D4B01221A70B9F1000F40F0AA
:1053F000A381E268B0E7617A01F03F012529A8D1D5
:10540000774A1078744A91682268002800F0A780D3
:10541000022F00F0A480A1F52071B1F5FF6FD4BF79
:1054200002EB010A02F5FF6A08330AEB431A03F0A4
:1054300011F8BAEB000A54BF4FEA9A000020FEF7B9
:1054400085F9D2E7032F40F0E780637A03F03F034A
:10545000252B05D0B9F1000F80D009B0BDE8F08F41
:10546000BCF1020FF6D15F4D2B78002BF2D1574BD8
:105470001868C00000F58770FEF788F901232B70CB
:10548000B9F1000F7FF45CAFE068067866E7DFF8FB
:1054900040C19CF80030002B66D0B9F1000F3FF4FA
:1054A0005BAF052F2ED14E4B1B78002B3FF448AF3E
:1054B000607AB8F1220F00F03F077FF441AF2978FE
:1054C000E268242F8CBF0023012308294FEA6616C7
:1054D00074D0DFF81881242F88F8003002D9F10742
:1054E00000F18A8021680E328009FEF7B7FD2B7823
:1054F00003F0FD03082B4AD0242F0BD83A4B01228E
:105500001A701DE7384B1B78002B3FF419AF082F9A
:105510007FF416AF059B03F40043002143F0010321
:105520000322CDE904130DF10F042A708DF80F202A
:105530004FF4285204A80794ADF81820FEF704FC95
:1055400009B0BDE8F04F01F015B9224B22681A608E
:1055500000F0A6FCB9F1000F7FF4F2AE49E7A1F527
:105560009B6101EB020A62E7DFF888A0DFF864E0E4
:10557000DAF8003020680133CAF80030DEF8003075
:10558000CEF80000C01A01238CF800301EE700F0AE
:1055900023FE059B03F4004307220DF10F000024B6
:1055A00043F001034FF428510790CDE904432A70DA
:1055B0008DF80F2004A8ADF81810BFE70B4906F0CE
:1055C00001060E708EE700BFF2450020941B0020FC
:1055D000BF450020B8450020D8450020C045002028
:1055E000911B002063450020BD450020C2450020DE
:1055F000BE450020C845002002F108000193FDF7D8
:10560000CFFAFF28019B04D0820644BF012288F80C
:105610000020607AE26865E7B9F1000F3FF49CAEC4
:10562000072F7FF43EAF464B1B78002B3FF488AE2C
:105630002B78012B3FF484AEB8F1000F3FF480AE1D
:10564000917801F03F05A8457FF67AAE11F03E0F44
:105650003FF476AED07800F00101002915BF10218B
:105660000A210A26042610F0020F08BF3146460719
:1056700048BF0131070744BF0231C9B210F010061C
:105680001DBF52180331C9B23246860644BF1231DB
:10569000C9B2400644BF0131C9B20239A942D8BFDC
:1056A000691C8845FFF64CAE002A3FF449AE092B31
:1056B0003FF446AE95781678537824685F2D4FEA0C
:1056C000052202F4F8524FEA551188BF012116F065
:1056D000800F13440CBF1E224FF4967202FB03F39B
:1056E000B3F5FA7FACBFA3F5FA73002306F03F00D1
:1056F00004EB8304C1B1134A42F2F033012918BF0D
:1057000013462246FDF774FA02F0A4FE201AB0F107
:10571000004F0CD844F61F6398420AD8800809B09D
:10572000BDE8F04FFEF776B843F2B063E9E700203A
:10573000F4E741F28830F2E7052F3FF4B4AEFFE51D
:1057400060450020F04F0100272800D9704730B590
:105750000D4687B013490A70039A134902F40042B8
:1057600008701248124923F07F4342F001020024DE
:10577000039203604FF428520DF1070302A805932A
:10578000ADF810200C708DF807400294FEF7DCFA9B
:10579000084A094B15601C7007B0BDE8304000F0A6
:1057A000E9BF00BFF0450020A01B00209C1B00208B
:1057B000F2450020981B002061450020014B187025
:1057C000704700BF911B002030B587B0144D039B7C
:1057D000144C1549154800222A6049F64045A56039
:1057E0000A7001240DF1070103F4004343F00103A3
:1057F0000470059102A84FF42851CDE90223ADF8B9
:1058000010108DF80740FEF79FFA0949094B0C70FC
:105810001A221A6007B0BDE8304000F0ABBF00BFED
:10582000C8450020D8450020C0450020F245002092
:1058300061450020941B0020014B800018707047C8
:10584000F1450020024B187000B17047FDF77CBB9A
:105850006045002030B585B00C46054602F0FAFDE3
:10586000C4F30E0402464FF4245368460092039595
:105870000194ADF80830FEF767FA05B030BD00BFFF
:10588000064B8446086810B41860054C8A889A80D4
:1058900084F800C05DF8044B704700BF58450020F5
:1058A0005F45002030B51C4B1C4C0546086818604D
:1058B00094468A889A801A4BDCF80000DCF80410C1
:1058C000DCF808201D70DCF80C30164D0FC487B0D2
:1058D000DCF81000039B2060BCF81410A1800522A6
:1058E00003F4004343F0010300212A708DF80720E0
:1058F00002A84FF428520DF10704CDE90213ADF8C8
:1059000010200594FEF720FA00F034FF07B0BDE840
:10591000304001F021BC00BF504500203845002038
:105920005E450020F245002030B51C46174B87B07D
:105930001870174B9DF828501A70164B16481D709A
:1059400007F04AFE2A462146144807F045FE039B0D
:105950001348082203F40043002143F001030270BE
:105960008DF8072002A84FF428520DF10704CDE965
:105970000213ADF810200594FEF7E6F900F0FAFEE8
:1059800007B0BDE8304001F0E7BB00BF354500205F
:105990002E4500202F4400203044002010440020D9
:1059A000F245002010B5194C2070194C194823708D
:1059B00086B0194B0270002418489DF820C01C7056
:1059C000174B80F800C0BDF824001880154807F078
:1059D00003FE039B14490A220DF1070003F4004360
:1059E00043F001030A7005904FF4285102A8CDE955
:1059F00002438DF80720ADF81010FEF7A5F900F06E
:105A0000B9FE06B0BDE8104001F0A6BB3445002049
:105A1000334500202E4500202F4500203245002030
:105A20003045002030440020F245002010B586B0FB
:105A30000D48039B092203F40043002143F00103B6
:105A400002708DF807200DF107044FF4285202A8C8
:105A5000CDE902130594ADF81020FEF775F906B0F4
:105A6000BDE8104000F086BEF2450020014B1880D2
:105A7000704700BF8E1B0020014B1870704700BF9D
:105A8000901B002000B51E4B1B7889B0032BCDE97D
:105A9000000102D0063B012B2FD8FDF755FD194B15
:105AA000002814BF86469E46BEE80F000DF1080C84
:105AB000ACE80F009EE80300019B134A8CE803004A
:105AC00003F01F03019300206B460021CDE9020182
:105AD000126893E803009DF81D30029001324FF0E8
:105AE000000C8DF80C1043F0020302A990B28DF85F
:105AF0001D30ADF818C0FDF7A9FC09B05DF804FB36
:105B0000F2450020D8450020C8450020042910B5E2
:105B10000C4644D80146002C31D00388063B40F6A1
:105B20007A429BB2934234D84388063B47F6F970D9
:105B30009BB2834230D8012C21D08B88063B9BB28C
:105B4000934226D8CB88063B9BB2834224D8022CB2
:105B500015D00B89063B9BB293421AD84B89063B62
:105B60009BB2834218D8042C09D18B89063B9BB287
:105B700093420ED8CB89063B9BB283420CD8A2003D
:105B8000084807F029FD084A084B002010601C60F7
:105B900010BD6FF0010010BD6FF0020010BD4FF09E
:105BA000FF3010BD6C4500207C4500208045002062
:105BB000024A034B10701970704700BF6445002003
:105BC000921B0020130200D4704710B584B000F07F
:105BD00041FE437ABDF804200233083063F30E021D
:105BE0000390ADF80420C25C8DF808201844154AD3
:105BF0009DF809304178127861F305038DF809307A
:105C0000B2B99DF80930827862F387138DF80930B4
:105C1000D0F803100C4A019B1268C3F30E03CDE9C0
:105C200000130AB16846904700F01AFE04B010BD98
:105C30000024DBB264F387138DF80930D0F802102A
:105C4000E8E700BF9C4A0020984A002010B50F4C9E
:105C5000237882B013B1002002B010BD0C4A0D4968
:105C60000D4803F0CFFA0D494FF4847300934FF4BD
:105C70000A72086002230A490A4800F0FBFD10B9C5
:105C800001232370E7E76FF00B00E5E79D4A002052
:105C9000E41800209C190020D84C0020D04C002093
:105CA000A04A0020C84C002030B5214C83B0247895
:105CB000069D002C39D0272937D803281D4C08BF52
:105CC000022000F003002074C9B2E07BA1734031D0
:105CD00061F306006169E0738A6040F2EB128A802A
:105CE000154A8B81180C00231370144A88730A60BC
:105CF0001348079C04606A1C08BF1D46CB7B0D61DE
:105D000014BF0220012060F30303CB734FF40000A3
:105D10000021CDE900010B4A0B4B10680549002218
:105D200003F052FA002003B030BD6FF01500FAE71F
:105D30009D4A0020B01800209C4A0020C84C00203A
:105D4000984A0020D04C0020C55B000000000000F5
:105D50002DE9F04F4A4BAFB01B780391002B00F0B8
:105D60008880484B0993484B0A93484B48491A602E
:105D70008646484BCDF814E040F2EB100024CDE904
:105D800007100DF198091C700DF1780C8023A645C1
:105D90000CBF4A4662460DF11C08199341F62903CF
:105DA000464616930492B8E80F000CAF0FC70FCE0B
:105DB0000DF1580B0DF1440A5D46CDE91B441894D2
:105DC0001A940B9417941D94AAE80F00BBE80F00D7
:105DD000ACE80F009BE80F008CE80F000FCDCE461B
:105DE000AEE80F00049A17929BE80F009FED227B0C
:105DF0008EE80F00059B109311AB8DED007B2B936C
:105E0000039B1593244BCDF87C9007AA18681B922E
:105E10009DF82B304FF025028DF866200CAA2392B6
:105E200043F010034FF026028DF886208DF82B30BA
:105E30004FF027029DF83F308DF8A620072262F32D
:105E400003038DF83F309DF8A530012565F303036A
:105E50008DF8A5309DF8533062F303038DF853306D
:105E600016A90E4B224603F0AFF920462FB0BDE82D
:105E7000F08F6FF01500F9E70000800000000000CF
:105E80009D4A0020D6BE898E55555581984A0020DE
:105E9000C84C00209C4A0020D04C0020C55B00006C
:105EA000024B0349186803F00FBB00BFD04C002021
:105EB0000100040430B52F4C83B024789DF818E01D
:105EC000002C54D0A1F12504022C50D82A4C079D57
:105ED00094F80FC0C9B2A173403161F3060C274991
:105EE00084F80FC00D60264903284FF0000C81F89C
:105EF00000C019BF00F0030004210621022040EA7F
:105F00008100616920740B614FF6FF738B8340F64B
:105F1000EB2343EA8E238C684B601A4B234043F0FB
:105F200001038B60184B0B600020531CC1E9050076
:105F300008BF0246C88B4A6214BF022301231B021A
:105F400020F4706020F00F0043F001030343CB8383
:105F50004FF400020023CDE900230C4C0C4B064902
:105F60002068002203F030F9002003B030BD6FF04C
:105F70001500FAE79D4A002050180020984A00209A
:105F80009C4A00200000C0F0C84C0020D04C0020EB
:105F9000C55B0000F0B53F4C89B024780E9EDDF85B
:105FA00044E00025CDE90355CDE905550795002CC2
:105FB00069D0242967D8384CC9B294F80FC0A173AE
:105FC000403161F3060C84F80FC003AFDFF8D8C08E
:105FD000A7610F9FCCF800700328DFF8D0C061697B
:105FE0008CF8005008BF022000F0030008BF012514
:105FF00040EA850020740B821B0C8B74FF230B7608
:10600000EB23CA600B72109A244B4A600B60BEF1FE
:10601000000F36D0237BC4F808E043F080032373DD
:106020000227237B67F303032373731CCB7C12BF0C
:1060300002220122002662F30303CB744E614FF467
:1060400000000021CDE90001154A164B10681249E5
:10605000002203F0B9F8638812999DF812200A60B3
:10606000A3F5A0539BB2082B10D840F2411222FA9C
:1060700003F313F0010F0CBF6FF04200002009B0D2
:10608000F0BD7746CDE76FF01500F8E76FF04200FE
:10609000F5E700BF9D4A002070180020C84C002082
:1060A000D04C0020C55B0000984A00209C4A00208C
:1060B000F0B5424C89B024780E9EDDF844E000250E
:1060C000CDE90355CDE905550795002C6FD024295E
:1060D0006DD83B4CC9B294F80FC0A173403161F345
:1060E000060C84F80FC003AFDFF8E4C0A7610F9F70
:1060F000CCF800700328DFF8DCC061698CF8005030
:1061000008BF022000F0030008BF012540EA850017
:1061100020740B821B0C8B74FF230B76EB23CA605D
:106120000B72109A274B4A600B60BEF1000F3CD0F7
:10613000237BC4F808E043F0800323730227731C19
:10614000214B1868CB7E0CBF0122022262F30303AD
:10615000CB76CB7C08BF002662F30303CB74CE6101
:106160004E61217B4FF4000267F303010023CDE968
:106170000023164B21730022114903F025F8638890
:1061800012999DF812200A60A3F5A0539BB2082B28
:1061900010D840F2411222FA03F313F0010F0CBFA2
:1061A0006FF04200002009B0F0BD7746C7E76FF0FE
:1061B0001500F8E76FF04200F5E700BF9D4A0020A8
:1061C00090180020C84C0020D04C0020C55B000077
:1061D000984A00209C4A0020034A044B51695A699E
:1061E0000B234B72537270477018002090180020D8
:1061F00070B515464C4A82B012789DF81C609DF827
:1062000024C0002A00F08D80484CC9B2E27BA17303
:10621000403161F30602E273454A1360454B03289F
:106220004FF000021A7018BF00F00300626912BF3D
:1062300004230623022040EA83000A9B2074D360D3
:10624000069B1361089B536143F2EB23516843EAB9
:10625000862343EACC2301F4404123F440430B431B
:1062600053601621344BD172136002F0F3F8616968
:106270004FF6FF73CA8B8B836B1C14BF0223012361
:106280004FEA032322F4706222F00F0243F001036D
:1062900008BF0025134300F57A6000268861CB8390
:1062A0004D620E624FF400000021CDE90001234A47
:1062B000234B10681D49324602F086FF63690B9834
:1062C00099690160618841F20A42914201D09E8D34
:1062D00096B90C9B1E706388A3F5A053013B092B54
:1062E0000DD8DFE803F005100C140C050C050C1C90
:1062F0004FF0FF3002B070BD93F82F60E9E76FF008
:10630000020002B070BD6FF0010002B070BD6369A1
:106310009B8D002B0CBF0120022002B070BD00201D
:10632000E8E76FF01500E5E79D4A002030180020EF
:10633000984A00209C4A0020C84C0020D04C0020E5
:10634000C55B0000000000002DE9F04F564C9DB0E9
:1063500025789DF898609DF8A0709DF8A4409DB1A7
:10636000524D28600020524D0790CDE90200CDE942
:106370000400022C4FF00100287000F08A80032CEA
:1063800007D0002C00F082806FF015001DB0BDE832
:10639000F08F41F606001693279B17939DF8153052
:1063A0001891022161F303038DF8153014AB0693A5
:1063B00042F2EB0343EA822222F45B42ADF808008A
:1063C0003C4B8DF856600DF1080C22F01402664625
:1063D000ADF854201493BCE80F0008ACA3460FC4DA
:1063E0009CE8030084E803000FCE9FED2D7B8DF821
:1063F0005770012500270DF1380ECDE919771B974D
:106400008DF86B50AEE80F008DED007B0EAB9CE875
:1064100003000993284BCDF80CB08EE803001868F0
:106420009DF8453065F303038DF845303A46234B1C
:106430004FF0250A4FF026094FF0270802A98DF8E2
:1064400016A08DF82E908DF8468002F0BDFEBDF8A6
:106450000A2041F204439A4214D0BDF82210994216
:1064600010D0BDF83A0098420CD041F20A45AA4239
:1064700012D0A94210D0401B18BF4FF0FF301DB002
:10648000BDE8F08F28461DB0BDE8F08F41F603004F
:1064900081E741F605007EE738461DB0BDE8F08F84
:1064A00000008000000000009D4A0020984A002063
:1064B0009C4A0020C84C0020D04C0020C55B000046
:1064C0002DE9F04FBDB006AD0493A44B9DF81841E3
:1064D0001B7805940027CDE902129DF81C819DF8D8
:1064E00020919DF824B14A9CBDF82C6106972F712C
:1064F000002B00F03081B9F1010F00F02C81242C29
:1065000000F22981B8F1020F00F22581944B4FF07F
:106510001E0A1860934B524639460DF172001F70E7
:1065200007F012FA41F62302ADF870209DF87D20A5
:10653000022363F30302B9F1030F8DF87D2000F00D
:10654000E78011978DF8473009F0030343F01003FB
:10655000039A8DF880304FF0000362F382038DF8C8
:10656000443011ABCDE9127714972193B9F1000FA4
:1065700000F0C980B9F1020F40F0DB8001F06AFF42
:1065800000F59C472037029B149308F0030241F664
:1065900006035FFA84FA43EA82130022BBF1030F79
:1065A0000892ADF820304AF040038DF81A301ABF37
:1065B0004FEA4B13DBB2402308A90DF1700CADF884
:1065C000186013910A928DF81C306646BCE80F00E3
:1065D00024AC0FC49CE80F0084E80F000FCE0DF12F
:1065E000B00E12970995AEE80F009CE80F008EE8F8
:1065F0000F0024AB1D934FF025038DF87E302CAB9C
:1066000025934FF026038DF89E3034AB1E222D9338
:1066100000214FF027030DF1D2008DF8BE3007F0B6
:1066200093F941F62403BBF1030FADF8D0304FF4DA
:10663000C173ADF8DC3015BF042207220BF0030351
:10664000022343EA82038DF8E030029B1A93039BF6
:1066500036979A0202F48062002342F0EB0208F0BF
:10666000030940F609141693ADF858203E4A1592D6
:1066700044EA891115AA0B930BA8ADF82C10399296
:1066800001210EAAB8F1020F8DF8DEA00C9518902A
:106690000D9317931B9319928DF82E104FD00599D7
:1066A0008DF82F100499B8F1010FCDE90D13CDE944
:1066B0000F3311D1BDF838309DF83A2003F0C003F4
:1066C00043F4437322F0030243F0010342F0030258
:1066D000ADF838308DF83A204FF400000021CDE9B4
:1066E0000001224A224B10681CA9002202F06CFD16
:1066F000BDF8D20041F20443C01A18BF4FF0FF307A
:106700003DB0BDE8F08F01F0A5FE00F5FA573AE77D
:10671000039A11978DF847304FF0000362F382031C
:10672000CDE912778DF8443011AB8DF880A0149725
:10673000219301F08FFE00F53B57203723E701231B
:106740008DF83A30059B8DF83B30049BADF838400E
:106750000F951093C0E76FF01500D1E79D4A002018
:10676000984A00209C4A0020C84C0020D04C0020B1
:10677000C55B0000024B0349186802F0A5BE00BFCC
:10678000D04C00200100020470B50B46497901F09D
:10679000C0018AB000224029CDE9002202D00020A9
:1067A0000AB070BD1988ADF80010B3F803105D7918
:1067B000ADF80410BDF804108DF80650019D059247
:1067C0009B78049249BACDE902221022ADF8161046
:1067D0008DF802301B4925FA02F304468DF8153076
:1067E00007F088F8D8B9184C23689D4226D006AA2D
:1067F00002A9164800F052F99DF825309DF82610A0
:106800009DF827201B0443EA01231343009A9A4270
:10681000C5D10F4A2560012013600AB070BD204623
:106820000A49084E00F062F82068E3686168A268CF
:10683000054C0FC64FF0FF332360D8E7044B1B68AD
:10684000E4E700BF904E0020DC4D0020E04D00202A
:10685000D84D0020014B1868704700BFA04E0020A3
:10686000034A116800200B6808711879136070479B
:10687000A04E00202DE9F041BDF8185005F00304AA
:106880000746C4F1040405F10800204400FB03F6A8
:10689000B24223DBE4B223B32C444FF0000E0834A1
:1068A0000A46F04692F805C082F804800EF1010E07
:1068B000A6182CF00F0C734582F805C0D580166021
:1068C0000244EFD1013B00FB0313074C1960002287
:1068D000C7E9001210462160BDE8F0810120BDE843
:1068E000F0810B46F1E700BFA04E00202DE9F04FEC
:1068F000431CCB1A022B89B040F2A88003680B60BE
:1069000043684B6083688B60C368CB608B7A059368
:106910004B7A01930B7A04935D4B06938B78039328
:106920004B78029301F10C070B7B91F80B90CE7919
:106930008D794C7991F804E091F8038091F800B0DA
:1069400091F80FC0887B4A7B07930097009B103318
:106950000093069B13F801AB06934E4B995C8AEAB1
:10696000010A8BEA0A0B1F468BEA0E0E049B17F8EE
:1069700000A05FFA8EFE8EEA0301029B049183EA77
:106980000A014C40019B17F80CA00291E4B263404D
:1069900001935A40039B83EA0A014D40059B0391F2
:1069A000EDB26B40059358403B46079F049913F89E
:1069B00007A0029B88EA0A084FF0000A6BF3070A57
:1069C00063F30F2A039B63F3174A009B68F31F6A64
:1069D00043F80CAC4FF0000A6EF3070A88EA06068B
:1069E00064F30F2AF6B265F3174A66F31F6A43F899
:1069F00008AC019B4FF0000A61F3070A63F30F2A0A
:106A0000059B86EA090963F3174A009B4F4069F327
:106A10001F6AFFB243F804AC4FF0000AD2B267F32A
:106A2000070AC0B289EA0C0C62F30F2A5FFA8CFCE9
:106A300060F3174A6CF31F6A17490797C3F800A061
:106A4000069B994282D109B0BDE8F08F03780B70A4
:106A500043784B7083788B70C378CB7003790B715C
:106A600043794B7183798B71C379CB71037A0B7244
:106A7000437A4B72837A8B72C37ACB72037B0B732C
:106A8000437B4B73837B8B73C37BCB733EE700BF2E
:106A900008E5000008E4000012E500002DE9F04FD1
:106AA000431CD31A022B93B00646174640F2B98214
:106AB0004B1CD31A022B40F2B4820A68036853407D
:106AC0003B6042684B6853407B6082688B685340F0
:106AD000BB60CB68C2685340FB603B790393BB7BD0
:106AE00009937B7B0793BB780193FB7997F8008030
:106AF0007879BD7A397A06933B7B97F803A097F8AB
:106B00000BB0089106F1200E7978009306F1B003DE
:106B10001093CDF810B00291CDF814A0FA7B7C7AD6
:106B200097F806C01196DDE908A30146F34628460A
:106B3000DDF818E0DFF81C964546DDF81C80009E65
:106B4000009765E15B00DBB286EA0508009F83EAF7
:106B500008030D933B7080EA01034FFA83F8B8F104
:106B6000000FC0F2B9815B00DBB271404B4000996D
:106B70000C934B7082EA000359B20029B6BF4B0058
:106B80005B0083F01B03DBB246405E40009B6A4023
:106B90009E7053B2002BB6BF5A00520082F01B0207
:106BA000009BD2B282EA0E0E83F803E0079B089A9C
:106BB000634058B283EA0C01002881EA0202C0F265
:106BC00086815B00DBB207985040434000980B93EE
:106BD00003718CEA040358B20028C0F273815B0091
:106BE000DBB254400098634043710A93089B8CEADF
:106BF000030358B20028B4BF43005B00DDE907047B
:106C0000B8BF83F01B0382EA0C02DBB25340009A48
:106C100007936040937143B2002BB6BF5800400009
:106C200080F01B00C0B2059B80EA01048AEA0303DE
:106C3000D471029A069958B25A40002881EA02019A
:106C4000C0F23B815B00DBB20598484043400098AE
:106C50000E930372029B8AEA030358B20028C0F223
:106C600027815B00DBB28AEA010A83EA0A00009B03
:106C7000029D5872069B6B405DB2002DB8BF6B0041
:106C8000029D85EA01052946ACBF5B0083F01B032A
:106C9000DDE90557DBB24B40009908937D408B72CC
:106CA0006BB2002BB6BF5D006D0085F01B05EDB229
:106CB00082EA0503009A0F93D372099A039B049901
:106CC0005340019A82EA03055AB2002A81EA050C70
:106CD000C0F2E9805B00DBB2039A82EA0C0283EA2D
:106CE0000208009B099A83F80C80019B53405AB21A
:106CF000002AC0F2D3805B00DBB2099A019982EAD4
:106D00000C025340009A5373049A4A4051B200292E
:106D1000C0F2BF805200D2B2019981EA0C0CDDE9C9
:106D20000317794082EA0C024FFA81FCBCF1000F94
:106D3000B6BF4FEA4C01490081F01B01009FC9B268
:106D40006940BA73F9730D9D06911BF8101C4D40F4
:106D50003D701BF80F1C0C9F4F40009902974F701D
:106D60001BF80E1C009F4E40BE701BF80D1C0196B8
:106D70008EEA0106FE701BF80C1C05960B9E4E4019
:106D80003E711BF80B1C03960A9E4E407E711BF849
:106D90000ACC3146079E86EA0C0C87F806C01BF821
:106DA00009EC089E84EA0E0E87F807E01BF808AC91
:106DB0000E9C84EA0A0A87F808A01BF8074C444096
:106DC0007C721BF8060C4640BE7230460F9F1BF8C3
:106DD000056C7740009E0497F7721BF8046C009FC7
:106DE00088EA06063E731BF8038C83EA080887F8D6
:106DF0000D801BF8023C5340BB731BF8012C069F0F
:106E00007A40009FFA73109F0BF1100BBB456AD0BC
:106E1000029F19F8055019F807700997019F19F892
:106E2000011019F807700297059F19F8000019F86A
:106E300007700897039F19F8022019F80770079741
:106E400019F80C70019719F80E70069719F80A7066
:106E500019F803C0059781EA0503049F19F808A0F3
:106E600019F8066019F8077003964FFA83F883EA59
:106E7000000EB8F1000F19F8044004978EEA0206DC
:106E8000BFF660AE4FEA480888F01B085FFA88F347
:106E90005AE6490081F01B01CAB23DE7520082F078
:106EA0001B02D3B229E7520082F01B02D3B213E7D0
:106EB000400080F01B00C3B2D5E6400080F01B000C
:106EC000C3B2C1E6400080F01B00C3B289E64000B7
:106ED00080F01B00C3B276E64FEA480888F01B0832
:106EE0005FFA88F341E6009F119E7B78EAB219F8B9
:106EF0000210059119F803103B79FA7819F803305C
:106F00000191089319467B7919F8022019F803506A
:106F1000BB78029519F8034010465FFA8CF35FFACC
:106F20008EF219F803B019F80220009200231A46D5
:106F300061F307020599049061F30703019961F376
:106F40000F2364F3174360F31F633B6065F30F2265
:106F5000009B6BF3174263F31F625FFA8AF37A6058
:106F600019F803103B7B069119F803300793184674
:106F70007B7A19F803E0BB7AFA7B19F80380FB7A75
:106F800019F802A019F8033003937B7B029A19F8D1
:106F90000350BB7B19F803C07A700023049AFA717E
:106FA0001A4661F307036EF30F23039987F803A0D2
:106FB00068F3174361F31F63BB6060F30702009B34
:106FC000FB7265F30F2206F1A1036CF31742FB1A63
:106FD000019887F805E06AF31F62022BFA6087F8D0
:106FE000028087F806C07D727873BC7287F80EB095
:106FF000F97357D9D6F8A02039687B684A403A60BF
:10700000D6F8A410BA684B407B60D6F8A810FB688D
:107010004A40BA60D6F8AC205340FB6013B0BDE8DC
:10702000F08F32780B7853403B7072784B78534036
:107030007B70B2788B785340BB70CA78F37853403A
:10704000FB700A79337953403B714A797379534025
:107050007B718A79B3795340BB71F279CB79534014
:10706000FB71327A0B7A53403B72727A4B7A5340FF
:107070007B72B27A8B7A5340BB72F27ACB7A5340EE
:10708000FB72327B0B7B53403B73727B4B7B5340D9
:107090007B73B27B8B7B5340BB73CB7BF27B5340C8
:1070A000FB731AE596F8A030059A5A403A7096F8A4
:1070B000A130029A82EA030987F8019096F8A2307B
:1070C000089A88EA030887F8028096F8A3308AEACB
:1070D000030A87F803A096F8A4305A403A7196F84C
:1070E000A530049A8EEA030E87F805E096F8A630DC
:1070F0008CEA030C87F806C096F8A7305A40FA715C
:1071000096F8A830069A5A403A7296F8A930079A2B
:107110005D407D7296F8AA305C40BC7296F8AB3048
:10712000014600985840F87296F8AC305A403A73CD
:1071300096F8AD30039A5940797396F8AE308BEAE1
:10714000030B87F80EB096F8AF305A40FA7313B0BD
:10715000BDE8F08F08E4000030B4324B324A1869C1
:10716000D9695D68314C9A6000F4704040F4007059
:10717000186101F4704102F5817041F400715861A9
:1071800003F12400C3E90601986A596B00F47040CA
:1071900040F40070986201F4704102F2063041F44C
:1071A0000071D86203F13C00C3E90C01186CD96C82
:1071B00005F4704500F4704045F4007540F400702B
:1071C0005D60186402F5017502F20A5001F4704125
:1071D0001D6241F4007102F58165586403F15400A9
:1071E000C3E912019D6302F20C60114D996DC3E970
:1071F000140300202060286003F11800D86001F417
:10720000704103F1300003F10C04586241F4007145
:1072100002F20E7203F148001C60D863C3E9161233
:1072200030BC7047AC4E00200C4F0020A84E002010
:10723000A44E00202DE9F041194D1E46194B2C6833
:107240001B68A4EB030C0CF0070CBCF1070F24D057
:107250002C68154B04F0070404EB440403EB84048E
:107260002379013B012B18D9D4F80880074601F097
:10727000030340461146002222717A1CE28000F886
:10728000013B3A4606F0A8F9B8442B68A8F801601B
:10729000012003442B60BDE8F0810020BDE8F081AF
:1072A000A84E0020A44E0020AC4E00200F4A104BE8
:1072B00011681B68CA1A844612F0070010D0013901
:1072C0000C4A03F0070301F0070101EB410103EB56
:1072D000430302EB830302EB8102CCE900327047E7
:1072E00002460346CCE90032704700BFA84E00209A
:1072F000A44E0020AC4E0020084A094B10B41B6875
:10730000146811681B1B03F00703834294BFC9185C
:1073100009185DF8044B1160704700BFA44E0020AF
:10732000A84E002010B586B0010A039B8DF8050019
:1073300003F40043002243F003038DF8061001AC70
:107340004FF42C5102A8CDE902238DF804200594B6
:10735000ADF81010FCF7F8FC06B010BD30B589B0E0
:107360000122059B8DF8082003F40043CDE90001BC
:1073700043F00603CDF809004FF42C5202AD00246F
:1073800004A8CDE904438DF80D100795ADF8182039
:10739000FCF7DAFC09B030BD00B587B00222039BD0
:1073A0008DF8002003F40043002143F00503CDF8DD
:1073B00001004FF42C5202A8CDE90213CDF814D0ED
:1073C000ADF81020FCF7C0FC07B05DF804FB00BF6F
:1073D00010B586B00322039B8DF8042003F400430C
:1073E0004FEA102C13438DF8050000214FF42C5266
:1073F00001AC02A8CDE902138DF806C00594ADF8E2
:107400001020FCF7A1FC06B010BD00BF10B586B07F
:107410000422039B8DF8042003F400434FEA102C50
:107420000DEB020443F003038DF8050000214FF437
:107430002C5202A8CDE902138DF806C00594ADF8D0
:107440001020FCF781FC06B010BD00BF00B587B06E
:107450000B48039B009003F40043002243F0050314
:107460004FF42C5102A8CDE902238DF80420CDF869
:1074700014D0ADF81010FCF767FC07B05DF804FB02
:107480000501090370B50D461446B1FA81F1B2FA4F
:1074900082F24909520920B134B190F8443033B92D
:1074A0001A4601EA020070BD15B90122F9E7BDB123
:1074B00095F84430002BF4D02B6C466B2D699B085B
:1074C000C3EB96030669AE4214BFF56800255B1B4B
:1074D00003F18053B3F1805FE3D90121002CE0D0A8
:1074E000E3681B7B03F00F03022BDAD1656B036C9F
:1074F00024690069A04218BFE0684FEA930308BFFF
:107500000020C3EB95031B1A03F18053B3F1805F96
:1075100088BF0122C5E70020704700000A4B1A68A7
:10752000936802F1380019465B680BB18342FAD1C7
:107530004B7B190706D1508F40F60903C31A5842F6
:107540005841704700207047C05A00200A4605493C
:107550004B6833B18968084203D00146024800688D
:107560001847704740E00000C05A002070470000F4
:107570000F4B70B51E680F4B05681B681B6B0446EC
:107580009847801B030BB5EB103F84BF5B195B086A
:107590002360236840F6C412934201D9226070BD73
:1075A000B3F5967F3CBF4FF496732360F7E700BFB7
:1075B000885B00208C01001081B38B01090E20290B
:1075C00023F0FF0319D0212919D0A02919D0D1B156
:1075D00010291AD011291AD040291AD050290CBFCD
:1075E00080229022134343F00F03014650F8042BEE
:1075F000B2F1FF3F0FD10B6070471022F2E720225B
:10760000F0E73022EEE74022ECE75022EAE7602282
:10761000E8E77022E6E79A42E7D1ECE7704791B3DA
:107620008B01090E202923F0FF021BD021291BD03A
:10763000A0291BD0E1B110291CD011291CD0402950
:107640001CD050290CBF80239023134343F00F0319
:10765000014650F8042BB2F1FF3F11D14FF0FF3338
:107660000B6070471023F0E72023EEE73023ECE7B0
:107670004023EAE75023E8E76023E6E77023E4E7E6
:107680009A42E5D1EAE7704770B5044616461D46B2
:10769000F9F742F95CB1D4E90A2332432B43C4E938
:1076A0000A23D4E9082332432B43C4E90823BDE865
:1076B0007040F9F779B90000F8B5184D0446F9F7AC
:1076C0002BF995F82430064623EA04002C6885F847
:1076D000240024B104F1B800F9F7DAF80446686828
:1076E00020B1B830F9F7D4F80443E4B295F8243067
:1076F0007BB974B92B6A63B19A6A920709D530468F
:107700005F6AF9F751F9286A22460221B8472C62CC
:10771000F8BD3046BDE8F840F9F746B91C570020DF
:107720000720FFF7C9BF10B50129044638BF012162
:10773000F9F7B6F82046BDE81040F9F72BBF000076
:1077400070B5144E1448356901F078FF134A136878
:1077500014680440184010F020030AD04DB12846A8
:107760000022B561FFF790FF0D484FF48041FAF712
:107770002BFA14F460240CD00A4A0B4892F86130BA
:1077800043EA544482F86140BDE870400021FAF7B2
:107790001BBA70BD905A002020000E000C1004404F
:1077A0008C5B0020085B0020C85B0020064B70B596
:1077B0005C68064B1D68F9F73DF9234601462846EB
:1077C000BDE87040184700BFB05A0020C05A0020E2
:1077D000064B1B78022B07D1054B1A6922B9586951
:1077E000B0FA80F04009704700207047B05A00207E
:1077F000905A00202DE9F8431D46444B089E1C6812
:107800000388C4F34067A40167D5B3F5C15F16D000
:1078100043F60604A3421BD040F60204A3424FD114
:1078200000F112030B604369136083692B60C36925
:10783000336090F80F80047C04F0070416E000F138
:1078400012030B6043691360436A2B60836AEFE79E
:1078500000F11A030B60C3691360036A2B60436A6B
:107860003360047E4FF0000804F00704286888B1F4
:1078700005234FF6FF7240F2037101F0ACFE0428BD
:1078800008D80FFA80F9214640462D6801F0B6FE6F
:1078900045F82900306880B105234FF6FF7240F2A9
:1078A000037101F098FE042807D804B2FF21404676
:1078B000356801F0A3FE45F824003846BDE8F8839A
:1078C00000F11A030B60C3691360836A2B60C36AFB
:1078D000336090F82480047EAEE7B3F5C15F07D033
:1078E00043F60604A3420CD040F60204A34208D19A
:1078F00000F112030B604369136000232B603360B7
:10790000DBE700F11A030B60C369F5E7941200503E
:1079100010B50146447E80680388002286B0B3F526
:10792000C15FCDE90222CDE9042242802ED01ED8CB
:1079300040F60202934229D000234B7605AB009318
:1079400003AA04AB02A9FFF755FF78B3029B1A887C
:107950004FF6FF739A4229D105990398FFF72CFE41
:10796000154B1B680BB10398984706B010BDA3F5E3
:107970006053063B012BDFD8437E62F382034376DC
:10798000038B8CB162F309130383D5E7437C6FF358
:1079900082034374038A1CB16FF309130382CBE79C
:1079A0002D2262F30913F9E72D22EBE705990398DD
:1079B000FFF735FED4E700BF205C002008B50E4B72
:1079C00019420DD0012004F037FC012809D10B4BDE
:1079D0000B4A5A600B4B00221A600B4A43F81C2CCE
:1079E00008BDF8F72DFF3221BDE80840B1FBF0F1EA
:1079F0000648FFF798BE00BF04000020B05A0020E0
:107A0000F18A00001C100440705B002088570020A1
:107A100008B54FF0FF3001F093FD830706D5BDE8B0
:107A2000084003484FF40061FAF7CEB808BD00BF24
:107A30008C5B0020042838B504461AD10E48F8F7AC
:107A400027FFB0B1F8F7FCFE05460B48F8F7FAFE41
:107A50006843B0F5967F0CD20748F8F723FF05205E
:107A600002F0FEFB054B0648012221465A73FAF745
:107A7000ABF8002038BD00BF88570020B05A002066
:107A80008C5B0020F7B51D46FD232E688DF807306E
:107A900032460446FFF7F6FC10B101238DF807309B
:107AA0009DF80730FD2B10D1E3681B7B03F00F031B
:107AB000022B0AD14EB1376831463A462046FFF7CD
:107AC000E1FCB8B102238DF807309DF80730FD2B9B
:107AD00004D1E36B13B104238DF807309DF8073010
:107AE000012B5FB208D12146284602F009F838463A
:107AF00003B0F0BD3E46DDE7022F06D0042FF6D1DD
:107B00002146284601F0E6FFF1E73268002AF7D067
:107B10002146284601F0C6FFE9E700002DE9F74FAE
:107B20009946224B1C6807460D469046002C36D0DD
:107B3000AC42236837D1DFF874A02E4600240AF146
:107B4000080B314636680B699F4223D10846002254
:107B50004FF080530191FFF797FD0199B9F1000FA4
:107B60000FD000224FF080730846FFF78DFD104BB9
:107B70002A691A6293F82420019942F0010283F8DD
:107B800024205046019101F0D1FF0199584601F09F
:107B9000A1FF0134B8F1000F01D0002ED1D1204651
:107BA00003B0BDE8F08F1C46C0E700BF905A00202C
:107BB0001C5700200E4BF0B54FF0580C00241E4609
:107BC000B3F930708F421D4609D11F69B84206D102
:107BD0005AB10CFB046797F83370174205D1013492
:107BE000082C03F15803EBD100252846F0BD00BF57
:107BF000D05700202DE9F843D0F8A86004460D4680
:107C00009146984606B1B047D4E9282302EA09060E
:107C100003EA080756EA07031BD0802229462046BC
:107C2000FFF7C8FFC4E92C6750B1D0E9082323EA65
:107C3000070322EA0602C0E90823D4F8A8308360CB
:107C40000023C4F8A83004F15000BDE8F843F9F768
:107C5000BFBEBDE8F88370B55023144640F2FF3232
:107C600005460E4601F0B7FCFF280CD0A2022B2ED1
:107C700018BF42F40A7203B20CBF42F02B0242F06A
:107C8000030245F8232070BD70B5002386B0CDE90E
:107C90000233CDE9043305AB0E4600931546C1F31C
:107CA000150404AB03AA02A9FFF7A4FD002E23DBF1
:107CB000029BD0B1049880B1059A72B11C80224613
:107CC00040F22B21FFF7C7FF05990398FFF7A7FCA8
:107CD00015232B80049B6B600CE019884FF6FF7214
:107CE000914202D1032006B070BDA4B21C801023C3
:107CF0002B806C808320F6E70028F3D0049B8BB1A7
:107D0000059878B1029B4FF6FF721A802B2122460C
:107D1000FFF7A1FF05990398FFF74EFC15232B8071
:107D2000059BD8E7039822462B21FFF794FFFF28F5
:107D3000D8D0029B4FF6FF721A8014232B806C6000
:107D4000D8E70000F8B504460F461546F8F7E4FDFD
:107D50000D4B1B68A342064612D10C4B1B78022B1D
:107D6000DCB20FD1384601F0F3FB05B12860C3B295
:107D7000012B08BF81243046F8F716FE2046F8BDD7
:107D80000324F8E70124F6E7C05A0020B05A002087
:107D900038B5154B1B685A68D2E90134D568D8B19B
:107DA00004B9EDB1114A00211160114942F81C1CBF
:107DB0000BB101F00FFC04B9A5B10C4B1A68002AF5
:107DC000FCD000221A6004B1A04705B1A847BDE865
:107DD0003840084801F0BCBB002BECD09847EAE7DC
:107DE000002BE6D138BD00BFC05A00201C10044053
:107DF00051000706010007068B002DE9F0410546FA
:107E000079D50020FFF7C4FF3C4C3D4A3D4E3E492A
:107E1000002340F60A0833601160A4F800806380F4
:107E2000227B63F3030222736360637B012262F3AC
:107E3000030328466373FFF76BFDAF6841463B467B
:107E400098465B6833B11A888A4203D0A2F60302CF
:107E5000012AF5D898F80D30C8F804406FF30303F1
:107E600088F80D30294B1B6833B1DB681B88A3F6FB
:107E700003039BB2012B15D92B8F9BB1B5F844306E
:107E800023F4706305F1380123F00F0343F480738A
:107E90006160A5F84430637B002262F303036A87C4
:107EA000EA6363733368002BFCD0194C0023336002
:107EB000184B6360637B7BB102F040FB0028FBD072
:107EC00002F054FB002333600D4B39461F60012044
:107ED000BDE8F041FFF73ABB012004F0ADF90128FD
:107EE000F0D098F80D30012262F3030388F80D30CA
:107EF000094B6360E6E7BDE8F08100BF705B0020DE
:107F0000001004401C10044001010E04905A00208F
:107F1000B05A0020F18A0000BD7900002DE9F84F29
:107F20002DED028B05469DF830700C461E4692469C
:107F30004FF000080ABB4FF00059F8F7EDFC621C47
:107F400008EE100A27D1474A11691346C1B10969E1
:107F50008D4215D1D2F810B0BBF1000F7FD09BF845
:107F600033301B061ED4042418EE100AF8F71CFD4B
:107F7000BDEC028B2046BDE8F88F4FF08049DCE76E
:107F80005A6912B11269954202D0D3F800B0E3E702
:107F9000D3F814B0E0E7002221462846FFF70AFE96
:107FA0008346D9E72F4C23695B4529D12069424696
:107FB0004B46FFF769FB60694B464246FFF764FB9F
:107FC00029482A4BBAF1000F08BF184601F0C0FA41
:107FD00047B3206900224FF08073FFF755FB002262
:107FE0004FF080736069FFF74FFB214BDBF81020E7
:107FF0001A6293F8242042F0010283F8242011E051
:1080000063695B4517D160694B464246FFF73CFB0D
:108010001848194BBAF1000F08BF184601F098FA3A
:10802000002FDCD12EB121683B4601222846FFF704
:1080300075FD832498E73B46324659462846FFF7AC
:108040006DFD00288FD00D4B1A78012AF1D01B78D6
:10805000042BEED00A490B48F9F7B6FDE9E70324F3
:1080600082E700BF905A00200100020401000104D1
:108070001C5700200100022401000124B05A0020F6
:10808000020000408C5B002010B50446F8F744FC69
:1080900004490A7842EA04030B70BDE81040F8F77F
:1080A00083BC00BF015B00202DE9F843244CDFF8BE
:1080B0009C90244FDFF8988000252646A07A01285E
:1080C0001FD194F90930113300FA03F3DA43C9F8E8
:1080D00000203A6813433B6094F909309840C0B2DD
:1080E000FFF7D2FF98F80030022B1AD104F11000EC
:1080F00001F02EFAC0B2012813D1A06940B90223C1
:10810000A3720135032D04F12004D7D1BDE8F88313
:1081100098F80030022B04D101F01AFAC0B20128FD
:10812000EDD094F9091096F86120074811238B408F
:108130001343DBB2002186F86130F9F745FDE0E733
:10814000085B00200C100440C85B002008100440AD
:10815000B05A002038B50546F8F7DEFB084B1A7810
:10816000044622EA050018701B781B0703D4054853
:108170000821F9F729FD2046BDE83840F8F714BC7E
:10818000015B00208C5B0020054B9A8BDB8B12B2CD
:108190001BB29A4202D10820FFF7DCBF704700BF34
:1081A000905A00202DE9F0414D4DAC68002C00F0B4
:1081B0009580E36809229BB1013A12F0FF020FD0CB
:1081C0001988A1F6030189B201296DD8226903F14A
:1081D0001801383253F8040B42F8040B8B42F9D1E2
:1081E00000230022D4E90A01C4E90A23A368D3B119
:1081F000002601F0E24756EA070357D020F00F02AD
:1082000021F0E24352EA030105D0D4F80880B4F922
:1082100030102069C047D4F80880B4F930102069C4
:1082200032463B46C047F8F777FBEB8B0133C3F38D
:108230000B03EB83002384F833304FF6FD73238662
:108240000646284801F01AFC3046F8F7ADFBEA8BE9
:10825000AB8B12B21BB29A4240D1234BD3E90065DB
:10826000224B1B682BB393F8FC30002B0CBF05206E
:108270000720FFF721FA06B396F8FC30DBB9346823
:10828000002386F8FC30E5B195F8FC30BBB92968CD
:10829000002385F8FC308C4238BF0C469CB9204640
:1082A000BDE8F041FFF770BF5B6884E706460F4604
:1082B000B1E70520DDE70024E2E73446E3E70021EB
:1082C000E6E72946E7E7631C08D0F8F7B9FAB4FBFC
:1082D000F0F1BDE8F0410648FFF725BABDE8F081AE
:1082E000905A0020985A00201C570020C05A0020A5
:1082F00044570020F8B50446F8F70EFBA37A05466C
:10830000002B33D01C4994F909200968012303FA92
:1083100002F0CE07C0B20DD518490968090609D583
:10832000174E113231689340DA4321EA0303336078
:10833000144B1A60002300260027C4E90033C4E967
:108340000467114A94F90910A3722372A3610123EF
:108350008B4092F860100B4382F8603092F86230E4
:1083600013B1013B82F86230FFF7F4FE2846BDE806
:10837000F840F8F719BB00BF402108400000044056
:108380000C10044008100440085B00202DE9F04365
:108390002D4C94F8613085B0002B3ED0002594F828
:1083A00061302B41DB0748D594F86160F8F7B4FAE7
:1083B00094F861301122AA4023EA020384F8613064
:1083C000F8F7F2FA04EB4512F6B2937A680123B398
:1083D000102303FA05F592F909101C4B54F800809C
:1083E00057680B449B003540D3F8009008D1137AAE
:1083F000022B05D116692B4606F08052134316D185
:1084000020440391FFF776FF039985B10023009381
:1084100000224FF000734046B84794F8613083B1B2
:108420000B48002105B0BDE8F043F9F7CDBBCDF80E
:10843000009000224FF00063EDE70135032DAED12F
:10844000EBE705B0BDE8F083085B0020250C0110C8
:10845000C85B002010B5F8F75FFA134A11780229BB
:10846000034602D01278042A06D1104A184614682E
:10847000F8F79AFA204610BDF8F796FA0C4B0D4C17
:108480001B681B6B984710F50030A0FB042341F1DB
:10849000000104FB013308490869002104468918DA
:1084A00043EB0404E6E700BFB05A00200430044068
:1084B0008C01001000093D00705B0020294B70B555
:1084C00005461868002930D1002830D002B110606C
:1084D000C668337B03F00F03022B3FD1026949B317
:1084E000938DD468466B1C44FFF7B4FF04F57A7291
:1084F000301AB2EB900F4FEA90032DD2B0F1404FFB
:108500002AD21B1B012B38BF01232B60F8F798F9E7
:108510002B68B3FBF0F02860012070BDC3681B7BA3
:1085200003F00F03022BD1D000680028F6D1002001
:108530002860F2E731880C4B548B93F86230A1F637
:10854000030189B2012994BF5269126903EB8303C5
:1085500003EB83031344C5E70023D6E700232B6016
:10856000DAE700BF905A0020085B00202DE9F043B5
:10857000644D85B02E68002302930393002E36D0FD
:108580006B690BB92B69D3B12C69CCB12B691A6912
:1085900033699A4240F0B48096F8334014F01004E6
:1085A0000ED06B69002B40F0AB802B69DB685B88D9
:1085B000002BFAD02B69DB685B88012BF5D00124F6
:1085C00084F0010802AA414603A8FFF777FF0028BC
:1085D00000F08C80002C40F088800399002900F086
:1085E00085804948FFF79FF805B0BDE8F083022178
:1085F0004648F9F7E9FAF7E700287ED0039F002FF5
:108600007BD1029B28696969CDE90083404BA3F1C6
:108610000802C84701280CD0022815D128692B6907
:10862000B3F930100123009300693A46FFF776FC56
:10863000DAE7029B002B18BF1E463A46B6F9301007
:10864000009030693B46F1E7002CCDD02046314BFD
:1086500032691B689A4202D04FF48061C8E748B182
:10866000039B3BB12B692BB96B691BB90820FFF742
:1086700071FDB9E70820FFF707FD96F83330214870
:10868000DB0626D501F0FAF96861D6E9062322490E
:10869000F468D0430860486802434A601F4AD943DF
:1086A000116051680B43536031460820FEF74EFFBE
:1086B000204600F04DFF2388B3F5C15F04D00CD8ED
:1086C00040F6020293420DD121460120FEF73EFF03
:1086D00008E001F0D3F92861D7E7A3F56053063B22
:1086E000012BF1D94FF0804182E720460C4BD3F8A3
:1086F0000490B9F1000F7FF47FAF002CA7D173E78E
:1087000000245DE7905A0020885700208C5B0020F1
:10871000985A0020C05A002010100440081004404D
:10872000A41B00202DE9F04F384B85B04FF480405A
:1087300000930433019300F003FFA8B1344B354C90
:108740001B682068002163F31501334B80681B7898
:10875000C3F3800363F3DF7102AAFFF795FA23687E
:1087600001209968FEF7F2FE0027DFF8BC90DFF8E1
:10877000BCA0E8463D4658F8044B236873B3236811
:10878000986900F0DDFE4FF0000B06463246206887
:108790005B46FEF779FF16F00A0F2ED02268D9F853
:1087A0000010926922F4804222F0020221EA0202C1
:1087B000C9F800202168DAF80020C96922EA01021C
:1087C000CAF8002021681020FEF7C0FE2168134877
:1087D00001F080F945F00205C4F800B05FB11DB1A9
:1087E0000F482946F9F7F0F9FFF75EFCFFF7BEFEE8
:1087F00005B0BDE8F08F0127BDE7002EEED0094A95
:108800002368936145F48045E8E700BFA05A002043
:1088100098030021C05A002085030021985A0020A7
:108820008C5B0020905A0020141004400C1004406F
:1088300038B5114D4FF0FF3000F082FE6A680F4BE3
:108840009A4204460DD10E490E480022F8F798F8D6
:1088500002232B70FEF762FE18B9FFF725FCFFF725
:1088600085FE094B1C4206D0BDE8384007484FF052
:108870000051F9F7A9B938BDB05A0020F18A0000BB
:1088800025870000C85A0020020000408C5B0020B1
:108890002DE9F04F002485B00460064622462146AB
:1088A00003A8FFF70BFEDFF8B0A0DFF8B080834627
:1088B0004FF0FF35204627464FF019099AF80A2055
:1088C00052B39AF80820022A41D0D8F80010224B5F
:1088D0004A8B096993F86200DAF814400A4419FBDC
:1088E00000220192FFF7B6FD019A201A02F57A7173
:1088F000B1EB900F4FEA90041ED2B0F1404F1BD263
:10890000A41A012C38BF0124F7F79AFFB4FBF0F446
:10891000A54228BF254601200137032F0AF1200A6E
:10892000CCD1BBF1000F0BD078B1039B9D4228BF87
:108930001D463560012005E00024E5E70025F4E749
:108940000028F6D105B0BDE8F08F039DF1E7BBF13B
:10895000000FF3D15D46ECE7085B0020C05A002011
:1089600013B5154B1A78022A04D11920F8F700F82C
:1089700002B010BD1A78012AFAD01B78042BF7D068
:10898000F7F7CAFF044601A8FFF782FF78B1019903
:108990000A4829B1FEF7C7FE2046F8F705F8E7E7D1
:1089A000F7F780FF06480421F9F70EF9F4E70348CA
:1089B000F7F778FFF0E700BFB05A00208857002093
:1089C0008C5B002037B511F002020C4611D0FFF786
:1089D000E9FB384B9B683BB1374844F0020103B0D8
:1089E000BDE83040F9F7F0B803B0BDE83040FFF71C
:1089F000B7BF61075BD5314B01920121042019708B
:108A000001F02EFC2E4B2F4D1B681B6B98472E4BF5
:108A10001860284B1B687BB11C692B685BB19C42BA
:108A200009D0A36A5B0704D5636A019A0421204632
:108A30009847012363762C602B68244C5B681A7876
:108A4000234B02201A6001F00BFC102001F020FCE7
:108A5000012222701F4A927812B90D2001F018FCF1
:108A60002B685B689A680AB9DB682BB11A4B002245
:108A70001A601A4A43F81C2C194B07221A60194A2B
:108A800000211368184B116018681960136843F0CF
:108A9000402343F0020313601A20144B6360F7F77E
:108AA00041FF192003B0BDE83040F7F73BBF03B0EA
:108AB00030BD00BF905A00208C5B0020185C002065
:108AC0008C010010C05A0020885B0020B05A0020A2
:108AD000D021084040E000001C100440510007066F
:108AE000000004601410044018100440F97D0000D8
:108AF0002DE9F04311F4804785B005460C4634D08B
:108B0000F7F70AFF8D4A9569034655B3D5E90A89F7
:108B100008F00A0609F0E04756EA070221D1D5E934
:108B20000A89D5E90A2323EA090722EA0806C5E9E2
:108B30000A67F7F739FFAB684BB158EA090306D06B
:108B4000AE682869298E42464B4609B2B04724F4E4
:108B500080441CB17A482146F9F736F805B0BDE8E3
:108B6000F0831846F7F720FFF1E78A0057D5754ADA
:108B7000754E136843F08003136033781BB10420F3
:108B800001F0F4FA3770F7F7C7FE0646042003F049
:108B900053FB6E4B1A68824238D12A7E002A35D0A8
:108BA0006B4A126892B3654B1B6963B3DA6811882C
:108BB00040F60302914205D0DB681A8840F60403B0
:108BC0009A4220D105F11400FEF7D2FC3046F7F7A7
:108BD000EBFEFEF7A3FC60B14FF000732E6A00229B
:108BE0006FF480712846B047544B1B68A3B1FFF760
:108BF000B7FEEE6900224FF0806300212846B0479F
:108C000024F00054A5E705F11000DDE740F6C4129A
:108C1000C5E904221860D9E744F00204E9E711F03D
:108C2000020208D0FFF7BEFA444B9B68002B91D19B
:108C300024F002048DE711F4806600F09B8001921D
:108C4000F7F76AFE0546FEF7C3FD002871D03B4BDF
:108C50001F68002F6DD03F4B019A3F493F48404E5F
:108C60004FF0040883F80080F7F78AFE2846F7F7EC
:108C70009BFE3C483C4DF7F715FE3C4B1B681B6BBD
:108C80009847314B306001214046197001F0E8FAF5
:108C900038692860836A5B0703D5436A019A4146B5
:108CA00098470120FFF774F8286801234376FEF700
:108CB0002FFE2B68996840F60A0C0A461046526847
:108CC00032B11588654503D0A5F60305012DF5D809
:108CD000427B4FF0010C6CF303024273FA68128876
:108CE000A2F6030292B20025624545600BD83560BA
:108CF0001F4B00221A60012043F81C1CFEF726FCC3
:108D000024F4806425E71A8F002AF1D0B3F84420B8
:108D10005D8722F4706222F00F0242F48072DD63FC
:108D2000A3F8442038334360437B65F30303437364
:108D3000DEE72846F7F738FEE2E700BF905A00204A
:108D40008C5B0020CC210840185C00201C5C0020BB
:108D5000885B0020B05A0020117A0000C85A002019
:108D6000845B002044570020C05A00208C01001072
:108D70001C10044011F4006734D07F4D2B781BB1D8
:108D8000042001F0F3F92E70FEF7C8FB40B17B4BD5
:108D900018680022056A4FF000736FF48071A847CD
:108DA000774D2B685BB1774B1B681B6B98472A6824
:108DB000724B801A1B68000BD86000232B6072492D
:108DC00072480022F7F7DCFD714B02211970714BDC
:108DD0009B6813B17048F8F7F7FEFFF7C1FD24F464
:108DE0000064B6E60E0740F1BE80F7F795FD064633
:108DF000FEF7EEFC002800F0B280684B1A781507E9
:108E000000F1AD801B78180600F1A98003A8FFF7D8
:108E10003FFD18B1039B002B00F0A180604D95F839
:108E20006130002B40F09B804FF00108AB7A43B1DA
:108E300095F9090085F80A8008FA00F0C0B2FFF73A
:108E400089F90137032F05F12005EFD1504D554821
:108E50002F70F7F727FD3046F7F7A6FD524B4B482A
:108E60001A6800221A6053F8081C43F8082C4F496E
:108E7000F7F786FD434B1B681B6B98474C4BAA6862
:108E80001B68C01A030B6FEA1030824298BF9B1810
:108E90002A7B88BF4FF0FF33AB6022B1454A12688E
:108EA000B3EBC22F24D9444B1B68D9071CD5434BC5
:108EB0001B681A0618D5424B40F609021A80002298
:108EC0005A80597B012060F303015973197B62F3C7
:108ED000030119733B495A600A603B4A13605A8880
:108EE00002F44062002AFAD001232B730023AB6006
:108EF00000F044FB354B002119600220FEF726FBF1
:108F0000022001F033F9102001F04AF9304B1B78B0
:108F100023B91A4B18685030F8F75AFD2D4B9B783F
:108F200013B90D2001F03CF96B7B23B10023052020
:108F30006B7301F01BF9284B6B6000232B70154BF2
:108F4000D88B9B8B00B21BB2984214BF0220072023
:108F5000FEF7B2FBFFF704FD24F00804F9E5304604
:108F6000F7F722FDF6E74B007FF5F3ADFFF7F8FCCE
:108F700024F08044EDE500BF185C0020C05A0020BA
:108F8000845B00208C01001025870000C85A002057
:108F9000B05A0020905A00208C5B0020015B00201A
:108FA000085B002044570020141004403188000062
:108FB000885B0020C45A0020402108400000044083
:108FC000705B00201C10044000100440000004608E
:108FD000005B002040E00000C5890000054B5A6896
:108FE000054B9A4201D1FFF7BBBC04480421F8F7B6
:108FF000EBBD00BFB05A0020F18A00008C5B00205E
:109000002DE9F04F2DED028B83B0DDE90E5A0646B7
:109010000F4690469946F7F77FFC08EE100A3B484A
:109020004FF0000B4FF0580C0CFB0B0404F1330114
:1090300094F833E01EF0800F57D135480191F7F7CF
:1090400031FC34480199B0F81CC084F832800CF12E
:10905000010CCCF30B0CA0F81CC0C4F80890B0F8BD
:109060001CC0A4F830C025F0C04C2CF4805C4CF03F
:1090700002020AF02003C4E906234FF0FF32E26344
:109080003A7BE76002F00F0200254FF000084FF036
:1090900000094FF0800C022AC4E9125581F800C083
:1090A000256484F84450656384F83850A4F850501F
:1090B000C4E908892661054604D1012284F83820D4
:1090C000BA686263002286F8FC201248214600F04C
:1090D00001FD2A68A24201D1FFF742FC0B4B582246
:1090E00002FB0B3BBBF9304006E00BF1010BBBF17F
:1090F000080F99D16FF0010418EE100AF7F754FC2D
:10910000204603B0BDEC028BBDE8F08FD0570020A5
:1091100044570020905A00202DE9F34700290546C6
:1091200091469A4601914ADBF7F77CFC019980460B
:1091300080222846FEF73EFD044618B190F83330F1
:109140001B0607D44046F8F795FD0220002102B027
:10915000BDE8F087416A006A49F00A064AF0E04734
:1091600006EA000207EA0103134311D04046F8F76C
:1091700081FDD4E9082306EA020007EA030122EA96
:10918000000223EA0103C5E92C01C4E90823DEE754
:10919000A2680C4B9A421CBFA268C5F8A8204046A2
:1091A00018BFA360C5E92867F8F764FD4FF0FF31E9
:1091B00005F15000F9F74AFAD5E92C01C7E700207C
:1091C0000146C4E7F57B0000D3B5DDE90667CDE9CC
:1091D00000670446FFF714FF0A2201464FF0E04300
:1091E000204602B0BDE8D040FFF796BF30B5044D31
:1091F00004460FCD0FC495E80F0084E80F0030BD82
:1092000014E500002DE9F0431D468FB00023CDE9A1
:109210000233CDE90433894B0446D3F800800F466E
:10922000164603F05BFB1C2810D1338843F6070277
:1092300093422CD196F82430022B33D93369804ADB
:1092400023F0644393422DD00024EDE003F046FB6D
:109250001B28EAD0002FF7D0002EF5D03A78012352
:10926000934013EA080FEFD00021304600F0E4F9F4
:10927000744B1B68C4E90176BBB9734FF7F74CFB1D
:109280003E78012E814622D9F7F78EFBDCE740F6C7
:109290000202934203D1F37B022B03D9D4E7B3F547
:1092A000C15FF8D0002FD9D1CEE705AB009303AA58
:1092B00004AB02A93046FEF79DFA039850234FF6FF
:1092C000FF720B2100F087F9FF28D6D1BCE7002EF2
:1092D00067D100F085FE5D4ADFF8E881136843F04E
:1092E000020313605A4B5B4A1A6006A8F7F792FB19
:1092F00098F8013058495948089306AAF8F768FACF
:109300005749584806AAF8F763FA06A8F7F744FB46
:1093100098F80030544A0793192106AB5348F7F7E1
:109320004BFE534A534806AB1A21F7F745FE524904
:10933000524833463246F8F739F9334650495148D6
:109340003246F8F733F9504B1B6813F4402F05D021
:109350004E4A4F483346042100F0F6FE98F802309A
:1093600013B10D2000F094FF4A4800F07BFB4A48FF
:1093700000F078FB494A4A4B072082F86000494ACE
:1093800000211160484A19701160484A99810520EE
:109390001060474A996011700420464A5A60FEF7EF
:1093A000D5F83B785A1C3A70434A484642F8234065
:1093B000F7F7FAFA1DB906A8FFF718FF06AD2B68F4
:1093C00023604FF4FA73E360AB69A3622B8A638373
:1093D000EB6923636B68012262764BB3C4E9043303
:1093E00000232376EA683549AB68002A08BF0A469D
:1093F00022626A69002B08BF0B46002A08BF0A4692
:10940000E36162620021C82204F1380004F09CFA92
:10941000002104F15000F7F7CBFA002328491A463F
:1094200004F1B800F8F7C2F820460FB0BDE8F083A9
:1094300040F6C413C4E904332276D3E7D4210840AC
:109440000F000001205C0020005B0020002009408C
:10945000CC210840110000E0AD7700008C5B0020BB
:109460008D830000C85B002031880000C85A0020AE
:1094700041770000E45A0020DD8F0000885700206B
:109480008981000044570020B44F0050357A000015
:10949000045C0020985A0020905A0020085B0020AD
:1094A000B05A0020885B0020845B0020C45A002052
:1094B000015B0020C58900001C5700206D7500006D
:1094C0002177000040E000000022FEF73BBC0000D6
:1094D00030B587B005AB0093002504AB03AA8068C4
:1094E00002A9CDE90255CDE90455FEF783F9029BA7
:1094F0001B884FF6FF72934204461AD128B90F4BCE
:10950000002443EAC47007B030BD049B7BB1059DC5
:109510006DB1502340F2FF322B21284600F05BF85A
:10952000FF28ECD000B255F820309B0AE9E7039DF4
:10953000EFE7C3F315032C46E3E700BFFFFF3F004F
:10954000024A13681840C343136070471010044068
:10955000074A11680029FCD1064B196010601A688F
:10956000002AFCD000221A60034B1868704700BF25
:10957000001004401C10044004100440114A124919
:10958000136823F4087323F0020343F40873136091
:109590000E4B03221A600E4A41F230030B6050203A
:1095A0000123136008604FF4CA60136008604FF431
:1095B0008650136008601360A2F5FA52183A1360DF
:1095C000704700BF000004606060044054600440C5
:1095D00058600440704770B506460025E8B28342E3
:1095E00004D956F82540B4F1FF3F01D1FF2004E033
:1095F00014408C4205F10105F0D170BD1E2896BFC4
:109600000C4B002033F81000FF2908D120F48060B3
:1096100040F0C00040F2037343EA0040704711B9C4
:1096200040F03000F6E7CB074CBF40F0100040F0B0
:109630002000EFE734E5000000207047024A13687D
:109640001840C3431360704708100440104B0022B9
:109650001A7001221A75022283F84B20032283F824
:109660005A20042283F84E20052283F88B200622FC
:1096700083F89520072283F86A2008221A730922AA
:109680009A770A2283F82720024AC3F8AF2070474E
:10969000D50300217D41002110B5094C23783BB949
:1096A000084909484FF4A76203F096FF012323708D
:1096B000064B00221A60BDE81040FFF7C7BF00BF8D
:1096C000245C002074E500004C400021E0040021EF
:1096D000704700BF70B5056895F852400026012C10
:1096E00085F8516015D0686895F8534038B1314617
:1096F00001F048FAB0FA80F0400985F8516085F829
:10970000534095F85030022B1CBF002385F8503091
:1097100070BD95F85400314600F0C6FA2046F0E7D7
:1097200070B5046894F85230012B16D0606818B1F7
:1097300064290D4601D9002070BD2668144906FB36
:1097400005F6A1FB0631490901F01CFAB8B1632EF8
:1097500018D8002084F8510070BD94F854001946C0
:1097600000F0A2FA94F85030022B18BF01234FF0FA
:10977000010018BF84F8503084F8510070BD84F89F
:109780005350EFE7012384F85130002070BD00BF33
:109790001F85EB5170B506680546B6F85610B068DF
:1097A000F7F77EF8B068F7F7F5FE2A6892F85130BF
:1097B000012B12D05BB1B6F85840013CA4B24FF671
:1097C000FD739C4202D8A6F8584054B170BD92F87F
:1097D00053102846FFF7A4FFEDE72846FFF77AFF6E
:1097E000E9E72E6896F85030022BEFD1B068F7F712
:1097F00059F82846FFF76EFF86F8504070BD00BF4D
:10980000F8B50768064609B1154622B997F85030F1
:10981000022B21D0F8BD0C46FFF75CFFB868F7F7C4
:1098200041F84FF6FF739D4205D02B045ABF6D00DF
:10983000ADB24FF6FE756408A7F8585016D1214610
:10984000B868A7F85640F7F72BF8B868F7F7A2FE04
:10985000022387F85030F8BDB868F7F723F8304690
:10986000FFF738FF002387F85030F8BD4FF47A71C6
:1098700001FB04F4F6F7E4FF844204D3B4FBF0F1F7
:109880008CB22146DCE701210C46D9E72DE9F043F3
:10989000474BDFF82C911B7859F8307083428BB01E
:1098A00064D9444B97F852500E46002908BF1E4613
:1098B000002D5BD109EBC0030446D3F8048098F86F
:1098C0000130022B2AD002F021FB98F8003087F8F3
:1098D0005430012387F8523001A8F6F7DBFF09EB7B
:1098E000C40400213448039401AA8DF804100291A5
:1098F000F7F79AFE0546B860002835D033683B601C
:10990000B17987F85310F379012B46D0022B39D067
:10991000002B30D020460BB0BDE8F08387F85230E2
:1099200001F0DAF804A801F01FF933688DF8185037
:109930008DF810500795059398F8000004A901F0E0
:10994000F1F8786090B101F021F9F379002BC3D0E0
:10995000B27933681949786803FB02F3A1FB03313C
:10996000490901F00FF9B7E77868E8B90024204603
:109970000BB0BDE8F0832046FFF7ACFE20460BB0ED
:10998000BDE8F083B18820464FF6FF724908FFF723
:1099900037FF20460BB0BDE8F0832046FFF7C0FE3E
:1099A00020460BB0BDE8F08301F092F82C46B1E7F9
:1099B00090DF0000ACEA0000959700001F85EB5196
:1099C00094DF000070B5046851B194F85210012979
:1099D00024D0606818B194F85350642D2DD970BD0F
:1099E00094F8523084F85110012B0D4611D0606864
:1099F00094F8536018B101F0C5F884F8515084F818
:109A0000536094F85030022BE9D0002384F8503092
:109A100070BD94F8540000F047F9F2E794F8540050
:109A200000F042F994F85030022B1CBF012384F857
:109A30005030012384F8513070BD2668084906FB78
:109A400005F6A1FB0631490901F09CF810B984F82C
:109A50005350E7E7632EECD8002384F8513070BDF3
:109A60001F85EB5110B50446F6F756FF0023C4E9F5
:109A70000033BDE81040F6F797BF00BF38B5044685
:109A8000F6F74AFF256825B12B6823602BB1002229
:109A90005A60F6F789FF284638BD6360F6F784FF01
:109AA000284638BD70B514460D460646F6F734FF15
:109AB00063686B6063682C602BB11D606560BDE8F6
:109AC0007040F6F771BF35606560BDE87040F6F72D
:109AD0006BBF00BF38B505460C46F6F71DFF6B6837
:109AE0006360002222602BB11C606C60BDE83840CE
:109AF000F6F75ABF2C606C60BDE83840F6F754BFEB
:109B000038B505460C46F6F707FF2B6823600022A0
:109B100062602BB15C602C60BDE83840F6F744BF52
:109B20006C602C60BDE83840F6F73EBF38B50C4697
:109B30000546F6F7F1FED4E900323BB15A6062689F
:109B40003AB11360BDE83840F6F72EBF6A60002ACC
:109B5000F7D12B60BDE83840F6F726BFFF2800D1CB
:109B6000704770B50B4E044625B200F015F8336807
:109B7000204653F8251000F01BF8736853F8252091
:109B800012B1002243F82520B368002243F82520B3
:109B900070BD00BF60E00000FF2808D000F18050D9
:109BA00000F501308000837803F0FB038370704779
:109BB000FF2835D02DE9F84300F1805303F5013338
:109BC0009C0011F0020823680CBF0127002713F046
:109BD000FF0F0646894621F0FF0511D02560B8F138
:109BE000000F06D106F1804303F5083309F00101A7
:109BF00019700D4B43EA860300201F60BDE8F8830F
:109C0000F6F78AFEC5F30722C5F307432D0E6270EF
:109C1000A370E570F6F7C8FEB8F1000FE9D1E1E7EF
:109C20004FF0FF30704700BF001A4442FF2836D083
:109C30002DE9F84300F1805303F501339F0011F043
:109C400002083B68DBB20CBF0126002693420446A3
:109C5000894621F0FF0512D02A433A60B8F1000F7F
:109C600006D104F1804303F5083309F001011970AE
:109C70000C4840EA840400202660BDE8F883F6F72B
:109C80004BFEC5F30722C5F307432D0E7A70BB7058
:109C9000FD70F6F789FEB8F1000FE9D1E1E74FF06A
:109CA000FF307047001A4442FF2805D000F1804081
:109CB00000F50830C9B20170704700BF704700BF9F
:109CC000002070470020704770B502F011FBF6F7D6
:109CD00023FE054602F0E6FA0028FBD0184CF6F702
:109CE0001BFE94F84631013BDBB284F846311BB9C8
:109CF000A36823F00803A360F6F756FE2846002366
:109D000084F83831F6F750FE0E4B02209E68B047BB
:109D1000246805466CB1A368DB064FF000014FF0E4
:109D2000100003D5D4E90332984710B92468002CF9
:109D3000F1D125B133460320BDE87040184770BD0E
:109D4000AC1B00204CE000000128F8B5044636D0DA
:109D500008B10020F8BD02F06DFA404B1B6813F407
:109D6000402FC3F3814509D13D4B1C6934B13D48B7
:109D7000F6F798FD02F0AAFA2846A0473A4D95F862
:109D80003831002BE5D0394A39491368802023F057
:109D9000800313600860F6F7BFFD95F84631013B7C
:109DA000DBB285F846311BB9AB6823F00803AB6022
:109DB000F6F7FAFD002385F838310020F8BD02F0EF
:109DC0003BFA0128C5D0284D95F83831002BC0D179
:109DD000224E336813F4402F2CD1214B1F69002FE2
:109DE00035D002F063FA502002F0E8FD2046B84773
:109DF00005F19400F7F7CEFB336885F8384113F48A
:109E0000402F09D0AB689B0606D4194B174A802116
:109E1000196013680B431360F6F77EFDAA6895F886
:109E2000463142F008020133AA6085F84631F6F760
:109E3000BBFD8EE702F05AFA336885F8384113F417
:109E4000402FDFD1064B1B69002BE5D1DAE702F08A
:109E50004DFA336885F83841D4E700BFB44F00505D
:109E60004CE00000401C0020AC1B00209022084069
:109E700098220840F8B5434A434B14681A6822EA0E
:109E800004011440670619601CD5404B1B68C3F3DE
:109E90008153022B55D0042002F0CEF9831E012BF2
:109EA00059D901286AD03A4D2D685DB1AB689E063C
:109EB0004FF000014FF02000F6D5D5E90332984766
:109EC0000028F1D0220602D4324B1C60F8BDF6F710
:109ED00023FD064602F0E6F90028FBD02C4DF6F7EC
:109EE0001BFD95F84631013BDBB285F846311BB3CB
:109EF000F6F75AFD3046002385F83831F6F754FD61
:109F0000254B02209F68B8472D6806466DB1AB68A7
:109F1000DB064FF000014FF0100003D5D5E9033206
:109F2000984710B92D68002DF1D1002ECCD0032018
:109F3000B847184B1C60F8BDAB6823F00803AB6052
:109F4000D6E7164B186802F0EFF9042002F074F916
:109F5000831E012BA5D80E4D02F074F9F6F7DCFC38
:109F600095F84531013BDBB285F845311BB9AB684B
:109F700023F00403AB60F6F717FD95E702F062F9F2
:109F800091E700BF9422084090220840B44F00504F
:109F9000AC1B0020982208404CE00000201D00204F
:109FA000014B9868704700BFAC1B0020022905D008
:109FB000012814BF00204FF47A707047012840F246
:109FC000EE2018BF00207047044B93F841211AB1CE
:109FD000D3F86C3103B11847704700BFAC1B0020A9
:109FE000F0B54A4C94F8423185B013B1002005B069
:109FF000F0BD012384F8423102F090F9444B454E04
:10A000001A68357B716884F8700112F4402FC2F32E
:10A01000814784F84151C4F86C1114D1336993B16C
:10A020003D4B1D68F6F70CFCC5F30661642505FB86
:10A0300001F53B46B5FBF0F2384904F19400F7F71F
:10A04000B5FA02F0E7F8002501A8F6F723FC344939
:10A050003448029501AB2A468DF804500395F7F772
:10A06000A5FA01A8F6F716FC2F493048029501AB76
:10A0700008228DF804500395F7F798FA2C4A2D48DA
:10A080002B463221F6F798FF2B4B2C4A1D602C48AB
:10A090002B462C21F6F790FF1D4B727B1B68C3F3F8
:10A0A00081530AB1032B29D09A1E012A00D94BBB38
:10A0B000214A136843F040031360F6F72DFCA268B1
:10A0C00094F8453142F004020133A26084F845312E
:10A0D000F6F76AFC1B4B1B685B0787D4F6F71CFC82
:10A0E000A26894F8433142F001020133A26084F87F
:10A0F0004331F6F759FC002005B0F0BD012384F888
:10A100003931D5E702F09EF8E4E700BFAC1B002030
:10A11000B44F00504CE00000AC4F0050C99C000010
:10A12000BD9C0000B81B002085AA0000FC1B00207D
:10A13000759E0000841C00209022084059A6000053
:10A14000A01C0020B04F005050B14AB108B5C0E982
:10A150000212036101460448FFF7BCFC002008BD61
:10A160006FF00200704700BFAC1B002010B5044622
:10A17000F6F7D2FB094A111991F84331013BDBB2E2
:10A1800081F8433133B99368012101FA04F423EAD9
:10A1900004039360F6F708FC002010BDAC1B002000
:10A1A000F8B50446F6F7B8FB28490A19054692F8AF
:10A1B0004A31013BDBB282F84A31CBB9244A12F969
:10A1C000240002EB84060028768812F8244014DB71
:10A1D000620631D41F4B1B6830469B699847304656
:10A1E00002F0DEFC0228FAD104F03F0014281CD94A
:10A1F0002846F6F7D9FB0020F8BD164F3B683046DD
:10A200001B6A98473B6830469B6A98473B683046D4
:10A210001B6B9847104B114A01211960136899076D
:10A22000FCD504F03F001428E2D8FFF7B9FF284618
:10A23000F6F7BAFB0020F8BD5836184651F826301C
:10A24000984704F03F001428D2D8EEE7AC1B00205A
:10A25000B4EA0000B8010010282008602820084057
:10A2600070B50446F6F758FB084A1619916896F837
:10A270004331012505FA04F421432B44916086F80B
:10A280004331F6F791FB002070BD00BFAC1B0020EE
:10A290002DE9F0412C4F0446F6F73EFB3A190546EE
:10A2A00092F84A31591C82F84A11CBB9274E16F858
:10A2B000248008F03F00142832D906EB840418F0FB
:10A2C000800F648812D118F0400F32D1204B1B68E8
:10A2D00020465B699847204602F0ACFC0128FAD181
:10A2E0002846F6F761FB0020BDE8F081184E336880
:10A2F0002046DB699847336820465B6A9847336895
:10A300002046DB6A9847134B134A012119601368F2
:10A310009B07FCD52846F6F747FB0020BDE8F081F7
:10A3200006EB8404FFF7B4FF18F0800F6488CAD0EE
:10A33000DCE75834012057F8243098472846F6F7D0
:10A3400033FB0020BDE8F081AC1B0020B4EA000024
:10A35000B8010010282008602820084001282DE9B5
:10A36000F84340F0CC80674DD5F83461012E40F0C1
:10A37000C3800223C5F83431F6F762FB2C687CB148
:10A38000A368DF074FF000014FF0010005D5D4E9C5
:10A3900003329847002840F094802468002CEFD1C5
:10A3A00095F85A7195F85931003F18BF01270BB144
:10A3B00047F0020795F85831002B77D1012001F0C2
:10A3C0003BFF012803D095F83831002B71D00020D5
:10A3D000FFF7BAFCAB68D9076FD4DFF84481DFF828
:10A3E0002891D8F8003048469B68984704280446CE
:10A3F000F7D0002001F084FF012C05D1D8F80030FF
:10A4000041485B682146984701F00CFF3F4B1B68B1
:10A4100038465B69984795F85431002B60D195F820
:10A420005331002B57D13A4B3A4A01211960002190
:10A4300003231160C5F83431384602F0FBFB0128D4
:10A44000FAD1354B2C681B6874B1A3685A074FF0DA
:10A4500000014FF0040004D5D4E9033298470028E6
:10A4600043D12468002CF0D100272C4A2A4B01212B
:10A4700011608E421B683BD002F09CFA2C686CB1D4
:10A48000A3681B074FF000014FF0080003D5D4E983
:10A4900003329847A8B92468002CF1D10123C5F8EC
:10A4A0003431F7F731FC3846BDE8F88347F004074C
:10A4B00084E71E46AB68D9078FD5012001F020FF45
:10A4C000A4E701234FF0FF37C5F83431F7F71CFC40
:10A4D0003846BDE8F8834FF4816001F019FFA2E728
:10A4E0004FF4806001F014FF99E74FF0FF37BCE7AD
:10A4F0003046FFF729FCBFE76FF00407D3E76FF0A2
:10A500000107D0E7AC1B002000400340B801001059
:10A51000282008600C2008402C2009400C400940ED
:10A52000D8010010022807D0032804D108B500F094
:10A5300009FA002008BDFEE700F054B838B5F6F778
:10A54000EBF9094B93F8383104462BB92046012525
:10A55000F6F72AFA284638BD01F092FE0546204655
:10A56000F6F722FA284638BDAC1B002070B5F6F786
:10A57000D3F91A4C054601F095FE002384F83831D2
:10A58000F6F7CAF994F84631013BDBB284F846315C
:10A590001BB9A36823F00803A360F6F705FA284661
:10A5A000F6F702FA0E4B02209E68B0472468054673
:10A5B0006CB1A368DB064FF000014FF0100003D52B
:10A5C000D4E90332984710B92468002CF1D125B1A1
:10A5D00033460320BDE87040184770BDAC1B002017
:10A5E0004CE0000070B5164D95F8393113B9154B94
:10A5F0009C7BDCB1F6F790F995F83B41C4B9012694
:10A6000085F83B61F6F7D0F90220FFF729FE0D200F
:10A61000FFF73EFE0C4B1B687BB90C480C490D4AFA
:10A6200085F83A41402303600B601660204670BDF8
:10A630000024F6F7B9F9204670BD3446204670BDB7
:10A64000AC1B00204CE0000004800C4038500C4053
:10A650003C500C4020800C402DE9F047AC4CAD4AFA
:10A6600094F83A31002515603BB1012B00F0FC80D5
:10A67000022B00F0A680032B13D0D4F83C31A64D5A
:10A68000DFF8B4A2DFF8B492A44EDFF8B482A44F8E
:10A69000062B00F23B81DFE803F06D605553483A2A
:10A6A0001C00A04BD4F810211B68A3F5C063002A3E
:10A6B00083EAE371A1EBE371B8BF52429142C4F85F
:10A6C0002C3100F3F480002384F830310623C4F8E1
:10A6D0003C31924B904900221A600A601A68920736
:10A6E000FCD48D4B1D6815F00205FBD1894A8E4BB9
:10A6F000156001221A600D20FFF752FD0220FFF7BE
:10A7000035FDC4F83C5184F83B51BDE8F087032384
:10A71000002084F83A3101F05DFD7F4B834801222F
:10A72000BDE8F0471A60F6F735BF05220023C4F8EC
:10A730003C212B602B689907FCD4D4F83C31A7E767
:10A740000223E5E703220023C4F83C212B602B6899
:10A750009807FCD4D4F83C319AE70125022084F80C
:10A760003A5101F037FD6C4B70481D60BDE8F04771
:10A77000F6F710BF42F62A230F22CAF80020C9F8C4
:10A78000003001F009FD0123336033689A07FCD5DE
:10A7900094F839210123C8F8003072B10022C4F8BE
:10A7A0003C313A60624A0321002311602B602B6820
:10A7B0009B07FCD4D4F83C316AE70323C4F83C314E
:10A7C000F0E7584B1D6801F07FFCC4F8140101F05C
:10A7D00083FCC4F8180101F087FCA5F5C062C4F839
:10A7E0002801C4F81021002A3FF46DAF94F83031ED
:10A7F000002B7AD0D4F82031D4F82C21D4F81401CD
:10A80000002AB8BF6FF0010102EB4202A8BF02218B
:10A81000521848BF033203EBA203002BC4E94703DD
:10A8200031DD1E2B0ADDD4F82421002A4FD1332B31
:10A83000A8BF3323153B0322C4E9483201F05CFC76
:10A84000012001F081FCD4F8200101F069FCA5F29F
:10A85000FF55D4F8240101F08BFC022D7FF636AFB2
:10A860000423C4F83C310AE794F8400101F0EAFB04
:10A87000304B84F840519B7B002B3FF427AF0223E1
:10A88000C4F83C31FBE6D4F82421032A34D06FF01D
:10A8900009020128B8BF01209342B8BF134601380E
:10A8A0000B330322C4E94703C4F82421C6E7D4F8D4
:10A8B000140101F021FCD4F8180101F031FCD4F8A6
:10A8C000280101F055FC012384F83031FEE6292BE4
:10A8D000A8BF29233E28A8BF3E200B3B0130002201
:10A8E000C4E94703C4F82421A8E7D4F81831C4F810
:10A8F0002401C4F82C2181E76FF013029342B8BF02
:10A90000134615330022C4E9483297E7FEE700BF3B
:10A91000AC1B00203C500C4058600C4054600C4074
:10A9200084600C4008400C4004800C40FC1B00205C
:10A9300000400C404CE000000C400C4010400C402B
:10A940001C400C402DE9F047434C444DDFF828A152
:10A95000DFF82891424EDFF82881424FD4F83C318D
:10A96000062B77D8DFE803F051443B39302204004E
:10A970003B4B3A4900221A600A601A689207FCD4DD
:10A98000364B1D6815F00205FBD1374A374B156071
:10A9900001221A600D20FFF703FC0220FFF7E6FBFF
:10A9A000C4F83C5184F83B51BDE8F08703230020F4
:10A9B00084F83A3101F00EFC284B2D480122BDE805
:10A9C000F0471A60F6F7E6BD05220023C4F83C21E3
:10A9D0002B602B689907FCD4C0E70223E7E703222A
:10A9E0000023C4F83C212B602B689807FCD4B5E702
:10A9F0000125022084F83A5101F0ECFB174B1C486A
:10AA00001D60BDE8F047F6F7C5BD42F62A230F22C8
:10AA1000CAF80020C9F8003001F0BEFB0123336002
:10AA200033689A07FCD594F839210123C8F800301F
:10AA300062B10022C4F83C313A600E4A032100237F
:10AA400011602B602B689B07FCD487E70323C4F8B5
:10AA50003C31F2E7FEE700BFAC1B002058600C4021
:10AA600054600C4084600C403C500C4004800C400E
:10AA7000FC1B002000400C400C400C4010400C40DF
:10AA80001C400C4030B40C4A13689B07FCD50B4BA0
:10AA90000B4CD3F83C310B48012B0B4B0CBF202245
:10AAA00001221A60094B0025082201211D60226045
:10AAB000026030BC1960704758600C40AC1B00202D
:10AAC00038500C403C500C4018400C4000400C40AA
:10AAD00003681B68184700BF70B5F5F71DFF0E4BE4
:10AAE0001A7806469AB90D4A157801221A7075B17E
:10AAF0000B4C013DEBB204F10C020C2515FB0325B8
:10AB0000236820469B680C349847A542F8D130460C
:10AB1000BDE87040F5F748BF255C0020000000004C
:10AB2000000000000C4B1B78A3B10C4B1B78834238
:10AB300010D90B4B0B4A10B400EB4004204653F8DD
:10AB4000244003EB8000002908BF1146E3685DF84C
:10AB5000044B184700207047255C002000000000CF
:10AB60000000000008EB000030B4054D04460FCD96
:10AB70000FC495E8030084E8030030BC704700BFB1
:10AB800008EB000003681B69184700BF0368DB6916
:10AB9000184700BF024A034607CA83E80700704708
:10ABA00020EB0000F0B5054683B00E4668462F68DE
:10ABB0001446F5F73BFED6B9134A019BA2FB0323CB
:10ABC0009B0C4FF0FF32B2FBF3F2A24218D903FB09
:10ABD00004F4284600F05EF910B9B4F1807F0FD27A
:10ABE00028463C6200F05EF9002003B0F0BD012E63
:10ABF000EFD1019BB3FBF4F2A34201D31446E8E783
:10AC00004FF0FF30F1E700BF83DE1B43F8B5066865
:10AC10000446F5F781FE96F88050ADB9012386F819
:10AC200080300746204600F02FF93846F5F7BCFE85
:10AC30003378012B01D02846F8BDF06F4FF0FF317B
:10AC4000F7F704FD2846F8BDF5F7AEFE4FF0FF30EC
:10AC5000F8BD00BF70B506680446F5F75DFE96F8CE
:10AC6000803053B133780022012B054686F88020CE
:10AC7000204606D000F002F92846BDE87040F5F7FE
:10AC800093BE00F0FBF82846F5F78EFEF06FBDE8A6
:10AC90007040F6F79DBE00BF70B501F01BFE056861
:10ACA0002B78022B044605D16B6820460021BDE8B5
:10ACB00070401847FFF7CEFF2B78012BF4D170BD01
:10ACC0002DE9F041694B1B78834284B040F29580B6
:10ACD00005460C4600295ED0654E06EBC00356F8CB
:10ACE0003070D3F80480F5F717FE97F888200346F4
:10ACF000002A7AD1012387F88830F5F755FE2378AA
:10AD0000002B7FD16268002A68D0A268002A65D033
:10AD100061687960002002A93B7087F880003A6280
:10AD20000846019101F020FC23780199022B06EBE3
:10AD3000C50534BF2123222398F80D20ADF80A3031
:10AD4000032A0CBF0023042398F80C008DF8083068
:10AD500001F012FCC7F88400002800F082802378FC
:10AD6000032B14D03A6A61782846FFF71BFF0028AE
:10AD700061D12378012B49D0D7F88400294601F00E
:10AD8000A5FDD7F884003B49012201F043FD284688
:10AD900004B0BDE8F081364800EBC50350F83570CB
:10ADA000D3F804801D46F5F7B7FD97F888200346D1
:10ADB000DAB9012687F88860F5F7F6FD02A94FF6A3
:10ADC000FF737C6087F880403B6208463E700191CB
:10ADD000294C01F0C9FB01992123ADE70025284644
:10ADE00087F8885004B0BDE8F0811846F5F7DCFD1F
:10ADF0000025284604B0BDE8F0810025284604B0AF
:10AE0000BDE8F081022B3FF47DAF7EE707F12C0611
:10AE100001463046F5F7CCFD0446F8670028ABD173
:10AE2000D7F8840001F036FDFB6F83B13046F5F7AB
:10AE3000DFFDFC670BE0D7F8840001F02BFDFB6F12
:10AE40002BB107F12C00F5F7D3FD0023FB6700259C
:10AE5000D7F8840001F020FCC7F8845087F88850A8
:10AE600095E787F88800054691E700BF0CE00000F1
:10AE700010E0000099AC00002CEB00000368D3F850
:10AE8000840001F081BC00BF0368D3F8840001F0A6
:10AE900053BC00BF4368587BA0F10300B0FA80F0B8
:10AEA000400970470368196AD3F8840001F096BC22
:10AEB00030B4054D04460FCD0FC40FCD0FC42B6821
:10AEC000236030BC704700BF38EB0000F8B507685E
:10AED0000446F5F721FD7E7A054626B12846BDE8F1
:10AEE000F840F5F761BD01237B72204600F08CFF2E
:10AEF000606800F09FFF204600F060FD204631466C
:10AF000000F0A4FF2846BDE8F840F5F74DBD00BFAE
:10AF10002DE9F04F046885B08146884615469A466B
:10AF200013B10023CAF80030F5F7F6FCE379834645
:10AF3000002B00F0CA8094F86460002E40F0C080BE
:10AF4000002D00F0B880484600F0FEFC012384F894
:10AF500064304846C4E91A852567A667A663A672C9
:10AF60002673FFF7B3FF484600F028FD04F14C07B5
:10AF700001E0002B5FD003A9384601F017FA236FD8
:10AF8000039983420646054638BF1D46A06F38BF69
:10AF90002E463246404402F01FFB3146384601F04F
:10AFA000EBF9236FA26F9B1B3244002D2367A2672E
:10AFB000DFDC2579022D41D0002B52D05846F5F721
:10AFC000F3FC2379002B44D1216F002943D00E9943
:10AFD00004F17C00F7F73AFB002869D1F5F79CFCF7
:10AFE0000546484600F0B0FC002348462367A366A8
:10AFF00084F8643000F0E2FC227BA37A002A284621
:10B0000014BF6FF00C050025002B18BF6FF00D0565
:10B01000F5F7CAFCF5F780FC2379012B05D0BAF1CE
:10B02000000F02D0A36FCAF80030F5F7BDFC284628
:10B0300005B0BDE8F08F2579022D12D100232367DA
:10B0400084F86430A3665846F5F7AEFC2379002BEC
:10B05000BAD00025DEE704F17C000D46F7F7F6FADA
:10B06000D8E70023012DA76E84F86430A366A5D12C
:10B0700025745846F5F798FCE67BAEB9227C9AB168
:10B08000A846F5F749FC267484F80F80F5F78CFC88
:10B09000A36CA26F0096D4F8CC5039464846A84716
:10B0A000237CE673002BECD1F5F736FC834685E76D
:10B0B0000123237392E7F5F777FC6FF00905B6E7F4
:10B0C000F5F772FC6FF00805B1E7F5F76DFC6FF06E
:10B0D0000E05ACE72DE9F047914684B007460E46D1
:10B0E0009A46154600244FF0FF3807E0CDF800805F
:10B0F000FFF70EFF039B1C44ED1A30B92A1B3119D0
:10B1000003AB3846002DF1D12846BAF1000F01D02B
:10B11000CAF80040B9F1000F08BF6FF0090004B091
:10B12000BDE8F08710B50468646814F0FF1F82B0B2
:10B1300003D1FFF7CFFF02B010BD4FF0FF340094F2
:10B14000FFF7E6FE02B010BD2DE9F04F83B0D0E965
:10B15000004A064688461546019313B11A46002355
:10B160001360002D00F09480F5F7D6FBE379834659
:10B17000002B00F09D8094F8E83003F0FF01002BD5
:10B1800040F08980012304F58079C4F8FC10E16364
:10B190006173E17284F8E830C4E93B85C4F8F45087
:10B1A0004846F7F753FA504600F04AFE5846F5F77E
:10B1B000FBFBF5F7D1FB10B96279002A33D0636C41
:10B1C000DB0619D4F5F7A8FB0546304600F04AFB2C
:10B1D0002846F5F7E9FB6379BBB1019A12B1D4F8BF
:10B1E000FC301360E37A002B5AD1637B002B5CD1D7
:10B1F000002003B0BDE8F08F256C002DE2D0A36CD9
:10B20000002210213046A847DCE70C994846F7F7A2
:10B210001DFA08B101236373304600F051FC00238E
:10B2200084F8E830D9E7D6E9004A636CD90629D416
:10B23000D4F8FC2042442946504600F01BFED4F8C6
:10B24000FC202D1A0244C4F8FC20F3D1504600F033
:10B250002FFE0028FAD0504600F0FEFA636C9A06E2
:10B2600009D4019A002084F8E800002AC0D0D4F85C
:10B27000FC301360BDE7256CA36C30460022202112
:10B28000A847EEE7A36C276C10213046B847CFE7FC
:10B290006FF00900ADE7F5F787FB6FF00800A8E74E
:10B2A0000023E3726FF00D00A3E76FF00C00A0E73E
:10B2B000F5F77AFB6FF00E009BE700BF2DE9F04F2A
:10B2C00015462DED028BD0E9004283B008EE102A1E
:10B2D00082468846994613B10023C9F80030002DF4
:10B2E00078D0F5F719FBE3790646002B7AD094F86D
:10B2F000E82002F0FF03002A6FD1012218EE100AA5
:10B30000C4F8FC30E3636373E37284F8E820C4E9B3
:10B310003B85C4F8F45000F093FD3046F5F744FB4C
:10B3200004F1D00702E0D4F8F4305BB3F5F7F4FA97
:10B3300001A90646384601F08FF8D4F8F430D4F865
:10B34000FC108342054638BF1D46834638BFAB46D6
:10B350005A464144019802F03FF95946384601F0F7
:10B360005DF8D4F8F410D4F8FC30A1EB0B0103EB3A
:10B370000B023046C4F8F410C4F8FC20F5F714FBB7
:10B38000002DD0DCF5F7C8FAD4F8FC30054693B9A7
:10B390006FF00F06B9F1000F01D0C9F8003000239B
:10B3A000284684F8E830F5F7FFFA304603B0BDECE4
:10B3B000028BBDE8F08F18EE100A00F041FD5046F8
:10B3C00000F050FAD4F8FC30002B14BF00266FF0C8
:10B3D0000F06DFE76FF00906E7E7F5F7E5FA6FF02C
:10B3E0000806E2E7F5F7E0FA6FF00E06DDE700BFCA
:10B3F00010B404686479022C03D05DF8044BFFF7A5
:10B40000A3BE5DF8044BFFF759BF00BF10B582B073
:10B410004FF0FF340094FFF7EBFF02B010BD00BF08
:10B42000704700BF042801D000207047F0B5D2E972
:10B43000005483B06846F5F7F9F995F8342040498F
:10B4400095F835303F4F895C95F836003E4E3F4ABF
:10B45000FB5C375C10682A6B466820680B433B43F3
:10B460000199B04723683A483A4940F2F2725A6467
:10B4700094F8552094F85430895CC35C22680B43DF
:10B480005363E369012B1DD02268136B23F400433F
:10B490001363E369012B1ED02268136B23F48043EE
:10B4A00013632268D36A43F01003D3622268136BDC
:10B4B00043F001031363E36B0BB1A36BA3B900204B
:10B4C00003B0F0BDA36AFF2BDED02268136B43F4F8
:10B4D00000431363DDE7E36AFF2BDDD02268136BC3
:10B4E00043F480431363DCE727681B4EF5F714FA37
:10B4F000BB6C23F00103BB64F5F756FAD5F858315D
:10B50000E26B5B681968CA621968C1F80425E16BCF
:10B5100032681868536891FAA1F1B1FA81F10222F8
:10B520009847D5F85821A16B336852685B6810685A
:10B5300091FAA1F1B1FA81F102229847BFE700BF69
:10B540005CEB000070EB000060EB0000D00100102D
:10B5500074EB000068EB0000D40100102DE9F0430B
:10B56000B04B1B78834285B040F20D81AE4F0B7813
:10B5700057F8304007EBC002012BD2F804800D468B
:10B58000174600F0FC806B78012B03D1AB68002BD1
:10B5900000F04581F5F7C0F9E679002E40F0FC8017
:10B5A0000123E371F5F700FAA660E6816674266070
:10B5B0002B7823716B7863712B7DA371D5E9011210
:10B5C000EB68C4F8CC102969C4F85021AA69226339
:10B5D000C4E910316A7F84F835202A7F84F834204A
:10B5E000AA7F84F836202A6AA2644FF0FF32A6664A
:10B5F000C4F8F4602667C4E93B26C4E90E66E66633
:10B600006667C4F8F86084F8646084F8E860C4F899
:10B610005861002B00F0BC8098F84000FEF738FE1F
:10B62000D8E9031204F14C0000F09CFED8E90512A1
:10B6300004F1D00000F096FE7C4BD8F800001B68A7
:10B64000DB6898477D6846F202016A6C95F8240031
:10B65000FEF7ECFAAA6C95F820007549FEF7E6FAB9
:10B66000EB69012B00F09F8000F016FFC4F8580131
:10B6700001A87D686F4EF5F7D9F86F4894F834103B
:10B680006E4A94F83530415CD35C94F83600674AD2
:10B6900016F800C0126828685668226B0B4343EA0C
:10B6A0000C030299B0472B686548664940F2F27274
:10B6B0005A6495F8552095F85430895CC35C2A6823
:10B6C0000B435363EB69012B45D02A68136B23F4BA
:10B6D00000431363EB69012B48D02A68136B23F4F2
:10B6E000804313632A68D36A43F01003D3622A6845
:10B6F000136B43F001031363EB6B13B1AB6B002BC4
:10B700005FD1514A3B46042104F5AE70FEF71CFDA3
:10B7100001A8F5F741F9019798F808004B4AD8F8C5
:10B720000410029001AB04F11400F5F745FC002170
:10B7300004F17C00F5F73CF9002104F58070F5F781
:10B7400037F9D8E90C21D8F800300B60536038463F
:10B7500005B0BDE8F083AB6AFF2BB6D02A68136B47
:10B7600043F400431363EB69012BB6D1EB6AFF2B63
:10B77000B3D02A68136B43F480431363B2E74B687A
:10B78000002B7FF400AF0027384605B0BDE8F083FA
:10B790002F4AC4E910233FE7F5F706F9002738469A
:10B7A00005B0BDE8F083EA6C214995F82800FEF762
:10B7B0003DFA2A6D95F82C0046F20201FEF736FAA2
:10B7C00052E7D5F80090234EF5F7A6F8D9F848309F
:10B7D00023F00103C9F84830F5F7E6F8D4F85831FA
:10B7E000EA6B5B681968CA621968C1F80425E96BDD
:10B7F00032681868536891FAA1F1B1FA81F1022216
:10B800009847D4F85821A96B336852685B68106870
:10B8100091FAA1F1B1FA81F10222984771E71F462E
:10B8200095E700BFA8DF0000ACDF0000D0010010EA
:10B830000260002060EB00005CEB000070EB000099
:10B8400074EB000068EB000025B400004DBB000065
:10B8500021B40000D40100100268136B23F480733C
:10B8600013637047F0B50468D4F8F83083B0002B48
:10B870004ED163794668022B054654D0D4F8EC309B
:10B88000D4F8FC20D4F8F400C4F8F8001344019371
:10B8900000283DD03268936B23F400639363636C9C
:10B8A000DB0608D5276C37B12846A36C002210218F
:10B8B000B847D4F8F800B0F5806F2BD8013843F6BC
:10B8C000F07202EA00170199336BD4F8582108444A
:10B8D00018601C49996051689A680968B06B3A43CE
:10B8E0009A6088623668F5F717F8B36C43F0020384
:10B8F000B364F5F759F8237A53B92D680220FEF79F
:10B90000AFFCD5F8EC3013F0704F16D00123237242
:10B9100003B0F0BD4FF48063C4F8F83043F6F0771D
:10B9200040F2FF30CFE701A904F1D00000F03EFD66
:10B93000C4F8F8000028EBD0ACE70420FEF790FC38
:10B94000E4E700BF018000C0F8B50468636F03B985
:10B95000F8BDD4F8583145685E68EA6B3368DA623E
:10B960002F68F4F7D9FFBB6C23F00103BB64F5F734
:10B970001BF8D4F85821EB6B51680F4A0868C0F8DF
:10B98000043593FAA3F1136830689B69B1FA81F129
:10B990009847656FE37C291A4BB9236FA26F5B1B35
:10B9A00018440A442067A26700236367F8BD04F1C6
:10B9B0004C0000F033FDF7E7D40100102DE9F0430F
:10B9C0000468637A83B013B903B0BDE8F083D4F898
:10B9D00058314668D3F80480776B0546FFF7B4FF0B
:10B9E000636F002B3DD1A36E13B1236F002B38D1B1
:10B9F00004F14C09484601A900F02EFD01236067BF
:10BA0000E3740028E0D00023B0F5806FA3734CD816
:10BA1000013843F6F07202EA0015019BD4F8581180
:10BA2000264AD8F800401844F36B7860BA60BA68C8
:10BA3000486893FAA3F1B1FA81F101238B402A43BC
:10BA4000BA60A3610368F26B9A623468F4F764FF2A
:10BA5000A36C43F00103A364F4F7A6FF03B0BDE8B1
:10BA6000F08304F14C09484600F09EFC236F984295
:10BA7000C0D22379022BBDD0A36E002BA4D02846C0
:10BA8000FFF762FF4846256F00F08EFC281A6067BA
:10BA90004846A56ED4F8789000F086FC48440544EA
:10BAA0000023606F0195E374ABE74FF48063636735
:10BAB00043F6F07540F2FF30AFE700BF0180000CA5
:10BAC000F8B50468D4F8F8500DB92846F8BDD4F894
:10BAD000583145685E68AA6B3368DA622F68F4F7FC
:10BAE0001BFFBB6C23F00203BB64F4F75DFFD4F8CB
:10BAF0005821AB6B5168144A0868C0F8043593FAB2
:10BB0000A3F1136830689B69B1FA81F198476379B2
:10BB1000D4F8F860022B0546A6EB00010FD0D4F84C
:10BB2000F430D4F8FC209B1B03440A44C4F8F430DE
:10BB3000C4F8FC200023C4F8F8302846F8BD04F10E
:10BB4000D00000F019FCF5E7D40100102DE9F04F0A
:10BB5000D0E900673B68D3F84080C3F8448018F40C
:10BB6000F06F87B005461AD018F4806F3B6840F03C
:10BB7000F4805C68716C04F00F0404EA0103B3FA0A
:10BB800083F24FF00041D140194040F0A380B4FA55
:10BB900084F24FF00043D34023405B42B363D6F8B6
:10BBA0005831FA6B5B681B68D3F80415114203F235
:10BBB00004532CD118F04002039256D02846D5E900
:10BBC000004AFFF7C1FEE37C002B00F08E80D5F821
:10BBD00004A0DAF800209369D90621D4D4E914131B
:10BBE000B1EB03091CD0296801F14C0B02E0B9F15B
:10BBF000000F15D011685846C9B200F0EBFBDAF817
:10BC000000209169C90609F1FF3909D4EFE72846F8
:10BC1000D5E9004AFFF798FE18F040030393D2D10C
:10BC200094F86430C3B12379022B15D0A279012A8C
:10BC300000F0CA80226F7AB90020012BA16E84F82F
:10BC400064002067A06640F0C480A36CA26F0090DF
:10BC5000D4F8CC402846A0472846FFF7AFFED6F8D8
:10BC600058315B681B6803F204531A68BB6B1A42B5
:10BC700003D0D6F8F830002B58D118F4006F26D036
:10BC8000396801F118031A6812F00802FBD10B6B36
:10BC9000307A23F480730B6390B1736C32729B061D
:10BCA00005D5346C1CB1B36C20212846A0472C6804
:10BCB0000220FEF75BFAD4F8EC3013F0704F7BD023
:10BCC0003A68936B23F40063936373793BB307B0D3
:10BCD000BDE8F08FD6F84090B9F1000F3FF457AFB0
:10BCE000B36C32682846C84751E7DAF800108B6910
:10BCF000DB0695D4236F73B1A36FA26E0968D1548C
:10BD0000DAF80010A26F8869236F0132013BC00688
:10BD1000A2672367EFD5E37C002B81D057E706F5B8
:10BD2000807007B0BDE8F04FF5F752BED5E9009A34
:10BD30002846FFF7C5FE2846FFF794FD99F8053021
:10BD4000012B4BD0D9F8F830002B96D1DAF800202F
:10BD5000936B43F4006393638FE79869326D746D5E
:10BD6000C00603F11801A2EB040418D4BCB106F11B
:10BD70004C0900E09CB119684846C9B200F02AFBA2
:10BD80003B689A69D20604F1FF3403F11801F1D53A
:10BD900005E01A68D2B28DF817209DF817200A68BE
:10BDA000D006F6D53268B17B0132326000297FF4CB
:10BDB000E0AE0122B273DCE60420FEF7D7F94FF0C3
:10BDC000FF33C4F8EC307BE7039A002A7FF434AFEA
:10BDD00030E704F17C00F5F7FBFD3DE7D9F8F4000E
:10BDE0000028AFD199F8E830002BABD089F8E800F3
:10BDF000D9F84830D9F8FC20D9F8EC100090D9F8DF
:10BE000050412846A0479DE7D0E90023116C59B165
:10BE1000526C120708D51A684FF480615164196892
:10BE20008A6B42F480628A631A68936B43F0400322
:10BE3000936370470268136B43F400731363704796
:10BE40000268136B43F480731363704738B503467D
:10BE50000C4602201D68FEF703FA24B1D5F8EC3039
:10BE600013F0704F00D038BDBDE838400420FEF715
:10BE7000F7B900BF2DE9F0410F46A1B1DFF82C80E2
:10BE80000646551E002402E00134A74208D0D8F827
:10BE9000003015F8011F9B69306898470028F3D1DE
:10BEA0002046BDE8F0810C46FAE700BFD001001043
:10BEB0000368986980F00800C0F3C000704700BFB5
:10BEC000104B70B51C681C60D4B10F4E0125B4FA3C
:10BED00084F0C0F11F00736853F8202005FA00F3C6
:10BEE00024EA0304830003F1804303F501232AB10C
:10BEF0001B6813F4802FC0B200D09047002CE6D10D
:10BF000070BD00BFE020024060E000002DE9F04F6E
:10BF1000A7B0F4F701FD414B1D78002D72D14FF011
:10BF2000010883F800803E4FF4F73EFDFEF758F815
:10BF30000820FEF7ADF903A8F4F72EFDF968394A99
:10BF4000049103AB38481021F5F736F8374A384BDF
:10BF500092F800A01E78B245544658D80DF1180941
:10BF60000FFA8AF3AB46019309EB8A0504E0A64277
:10BF700004F1010316D01C463B6853F8241021F04D
:10BF8000FF0345F8043B8B07F1D408FA04F301F0F2
:10BF90000101E0B24BEA030BFDF786FEA64204F175
:10BFA0000103E8D12349244BC1F800B01B68C3F357
:10BFB0008153012B17D0019B01360AF18050A6EB6B
:10BFC0000A0200F5013009EB83019200800001F0C4
:10BFD00003FB1A4A136823F47C5343F400531360A1
:10BFE00027B0BDE8F08F164B1B681B0E14BF04234F
:10BFF000002326AA134453F8801C41F0070143F89C
:10C00000801CD8E7F4F7D0FC27B0BDE8F08F0FFA1A
:10C010008AF3AB460DF118090193C3E7445C002095
:10C0200060E00000C1BE0000285C002071E000005C
:10C0300070E00000D0200240B44F005000300940B2
:10C04000A84F0050194A1A4B12681B6870B503F4C8
:10C0500040234BF2F52404FB02F4B3F5802F054690
:10C060004FEA14240DD02DB9124B1B6823F07F43E7
:10C070001C446408104B1B6820465B6CBDE8704094
:10C0800018470E4B1B689B03EDD40D4B1B681B68B8
:10C09000984700F065FD0B4B1B68DB689847231140
:10C0A000C01000FB03F004EBE034DCE708400C4078
:10C0B000B44F005010200940F00100108C130050C4
:10C0C000EC010010E0010010024B1868C0F30720DB
:10C0D000704700BF30A00C40024B1868C0F384408A
:10C0E000704700BF04A00C40024B1868C0F38120C9
:10C0F000704700BF20A00C4010B5074B82B01B68F2
:10C1000080B200905C68054808234FF47F423021DC
:10C11000A04702B010BD00BFA401001000A00C4059
:10C1200010B5074B82B01B6880B200905C68054870
:10C1300012234FF4F8020421A04702B010BD00BF43
:10C14000A401001000A00C4010B5074B82B01B6882
:10C1500080B200905C68054811234FF4003204213E
:10C16000A04702B010BD00BFA401001000A00C4009
:10C1700010B5074B82B01B6880B200905C68054820
:10C180000A234FF440622021A04702B010BD00BF37
:10C19000A401001000A00C4030B50C4C0C482368E2
:10C1A00083B0022200925D684FF4C0720723002121
:10C1B000A84723680648DC684FF4C07207230021B3
:10C1C000A44603B0BDE83040604700BFA4010010A2
:10C1D00000A00C4030F0020100D0704730B50B4C8D
:10C1E00085B0034622680A4803919BB200935568C4
:10C1F00004237022A84723680548DC68039970234C
:10C200001A46A44605B0BDE830406047A4010010BE
:10C2100000A00C40024B4FF000421A60704700BF74
:10C2200000A10C40024A136843F0030313607047F7
:10C230002422084000F024BC014B1B681B681847EF
:10C24000E001001030B50C4C0C48236883B0032289
:10C2500000925D684FF040521C230021A8472368DC
:10C260000648012200925C684FF400720923002105
:10C27000A04703B030BD00BFA401001000A00C40D7
:10C28000064B07481A6810B50023D4683C210122E8
:10C29000A047003818BF012010BD00BFA401001046
:10C2A00000A00C4008B500F09FFB08BD054B1B68C3
:10C2B000002B054BB4BF4FF440524FF480521A602C
:10C2C000704700BFAC4F0050A8A00C40054B1B6846
:10C2D000002B054BB4BF4FF441524FF482521A6009
:10C2E000704700BFAC4F005028A10C4000F06ABB63
:10C2F000024B40221A6000F065BB00BFA8A00C40B2
:10C300004FF0FF32002100F0B7BD00BF00F098BD34
:10C31000014B1B68DB6A1847B8010010014B1B6812
:10C320001B681847E8010010074B1B68C3F38153D3
:10C33000022B00D07047054B054903448B42F9D8C6
:10C34000044B1B685B6C1847B44F00505C8F82FF36
:10C35000B71E0500F0010010014B1B685B68184711
:10C36000E801001010B40023541E80E81E00C0E94C
:10C3700004335DF8044B704770B505460C46F4F77E
:10C38000CBFAAB682A696E689C4228BF1C462244DF
:10C390001B1BB2FBF6F106FB1122AB602A61F4F71E
:10C3A00003FB204670BD00BF8068704770B504462F
:10C3B0000D46F4F7B1FAD4E900232169A6685C1AA6
:10C3C0000A44B44228BF34462A60F4F7EDFA204606
:10C3D00070BD00BF70B504460D46F4F79DFAD4E970
:10C3E0000163B34214D0E36821680133B3FBF6F272
:10C3F00006FB12328D54A3686169E26001339942F1
:10C4000038BF1946A3606161F4F7CEFAA06870BD29
:10C41000F4F7CAFA4FF0FF3070BD00BFF8B504461C
:10C420000F46F4F779FAD4E90163F51ABD42616960
:10C43000E26828BF3D462B4499422A4438BF19463A
:10C44000A360B2FBF6F306FB13226161E260F4F72E
:10C45000ABFA2846F8BD00BF70B505460E46F4F7A6
:10C460005BFAD5E90013EA68AC68551CB5FBF3F23A
:10C4700003FB12521C1B11449A1A944228BF144603
:10C480003160F4F791FA204670BD00BF43681B6825
:10C490000122DA64704700BFF0B5174DD5E9006797
:10C4A00085B03879FDF7F4FEF4F736FA33780446B0
:10C4B0002BB12046F4F778FA0F4805B0F0BD01A87B
:10C4C000F4F76AFABB79029379790C4A019501ABCA
:10C4D000301DF4F771FD3A68094901234FF0FF3030
:10C4E0003370D0623A6891603A6820465360F4F73E
:10C4F0005BFA014805B0F0BD74E000008DC4000097
:10C5000000180020F0B4D0E90043057A1F68154EEA
:10C51000C5EBC5014B000633F21836F803C036F8F8
:10C5200011103E6A04EB8504B3B25588E46B3140C8
:10C5300013EA0C0F796214BF012100212B42958868
:10C54000D28818BF41F002012B4218BF41F004010C
:10C55000134218BF41F0080114B12346F0BC18473C
:10C56000F0BC704784EB0000024A034603CA18601F
:10C57000596070477CEB00002DE9F04705460C46FA
:10C58000002965D0097889B96388213B9BB2012BCA
:10C5900008D83D4E00EB400306EB83034FEA400909
:10C5A0001B7A33B100242046BDE8F087364E4FEAAF
:10C5B000400909EB050306EB830A56F82370DAF805
:10C5C0000480F4F7A9F92378002B52D09AF80830A8
:10C5D0003B445A78002A54D101225A70F4F7E4F906
:10C5E00023783B7098F80600FDF752FE09EB05032F
:10C5F00006EB8303D8F800201B7A39781160C3EB6F
:10C60000C303224A207932F8131062886379012823
:10C6100008BF42F48062012BD8F800301C4808BFE4
:10C6200042F01002B1F57F4F0CBF083304331A609B
:10C63000A2790368D8F80000DB68003A09EB05042A
:10C6400018BF012206EB840498472046BDE8F08716
:10C650000D4E00EB400306EB83024FEA4009117ACE
:10C660009B000029F1D1D2F80480F758094CF4F767
:10C6700053F97B782BB9BB781BB901237B70BB7056
:10C68000ACE7F4F791F98DE760DF000084EB000080
:10C69000C80100107CEB0000F8B5027A254F044673
:10C6A000406825680168C2EBC202CB6837F812C047
:10C6B00040F2011607EB420206EA0C0623EA0603E3
:10C6C000CB60B2F802C0CE68B2F808E0D3884E273B
:10C6D00007FA0CF7B2F80AC026EA070643EA0E0387
:10C6E0009789CE6092888E6943EA0C033B430A44E3
:10C6F0009BB226EA03064FF0FF3C00278E614B6297
:10C70000C2F828C0C2F830C0976317648079FDF77B
:10C7100047FDF4F701F92B782BB96B70AB70BDE8CE
:10C72000F840F4F741B9237A1D446F70BDE8F84032
:10C73000F4F73AB984EB000038B50446D4E9005266
:10C74000237A11680F48C3EBC30240F2011330F89B
:10C750001200CA6803401343CB60F4F7DDF8237A74
:10C760002B4493F844204AB9012283F84420F4F77B
:10C770001BF9BDE838400220FDF772BDBDE8384026
:10C78000F4F712B984EB000038B50446D4E900523E
:10C79000237A11481168C3EBC30340F2011230F849
:10C7A0001300CB68024023EA0203CB60F4F7B4F82D
:10C7B000237A2B4493F844204AB1002283F8442082
:10C7C000F4F7F2F8BDE838400220FDF7CFBCBDE831
:10C7D0003840F4F7E9B800BF84EB000010B4037AE6
:10C7E0000B4AD0E90040C3EBC303247802EB4303B8
:10C7F000042C9A8805D103680C0C3833E4B29C50A1
:10C8000089B203685DF8044B28339950704700BF24
:10C8100084EB0000F0B5D0E90037067A044603EB5C
:10C82000860085B0C6EBC60603EB8603C16301A88C
:10C8300015461E1DF4F7B0F801238DF80C307B79F6
:10C8400002933979114A0194304601ABF4F7B4FBF5
:10C85000237A62680E4C1168C3EBC3035B00063396
:10C86000E01815F0010218BFE25AAE0744BF438832
:10C870001A436C0744BF83881A432B0744BFC388FD
:10C880001A438B691A438A6105B0F0BD05C50000E3
:10C8900084EB000030B4037A0B4AD0E90001C3EB0B
:10C8A000C304096832F814508A690E3300EB83031D
:10C8B00022EA050200EB840000248A6104305C60F7
:10C8C00030BCF3F7F3BF00BF84EB0000036899644A
:10C8D000704700BF0368986C704700BF1C4B1B6813
:10C8E0004BF64132C3F30F3393422BD1194B1A68E5
:10C8F000C2F30333092BC2F3406006D00F2B0FD0D5
:10C90000082B08D04FF0FF307047002814BF4FF0BD
:10C91000FF300920704700280CBF0C200A20704708
:10C92000130207D4C2F3006238B1002A14BF1120E9
:10C930000F2070470D3040B27047002A14BF1020FE
:10C940000B207047034B4FF0FF301B68704700BF50
:10C950001813005094120050124A13684BF64131DC
:10C96000C3F30F338B4214D10F4B12681B681906A7
:10C970000C4909684BF64130C1F30F3154BFDBB2AB
:10C98000002381424FEA127203D1022A02D0032A05
:10C9900005D0FEE70B335BB2132BFADD704715337E
:10C9A0005BB2F9E718130050A0100050EFF31080AD
:10C9B00072B67047EFF3108062B670470138FDD150
:10C9C000704700BF08B5054B1B6801215B6808462E
:10C9D0009847034A034B12689A6008BDE0010010B3
:10C9E00030200940585C002038B51D4B1B680120E1
:10C9F0001B689847012827D01A4B1B4C1B68204600
:10CA0000DD68012200233C21A84700B938BD2388F6
:10CA1000DB071BD5154B9B6B9847154B4FF080726E
:10CA20001A60144A144B9468186814491368D0604B
:10CA3000001B01FB00F1A3EB9303B3EB114F4FEA93
:10CA4000114094BF10601360012038BD084A074BA5
:10CA50004FF0012111609B6B22889847E1E700BFEE
:10CA6000E0010010A401001000A00C4048000010DC
:10CA700004A40C40585C00203020094040420F00C4
:10CA800010B5144C236801205B6800219847236887
:10CA900001201B68984758B10F4B1A88D20711D450
:10CAA0000E490F4A4FF001200860926B1B88904797
:10CAB0000C4B0D4A1B680D4C12681B68626098474E
:10CAC000206110BD064B9B6B9847044B4FF0807262
:10CAD0001A60EDE7E001001000A00C4004A40C4037
:10CAE00048000010EC01001030200940585C002084
:10CAF000144B1B68D90607D4134A144B1168144A07
:10CB000003EA9123934200D07047124B1B689A03AB
:10CB100003D5114B114A1360704743F307232433A5
:10CB200083F306031911DB43C1F1030003F00F0384
:10CB30000F214FF6FF72014142FA03F343EA01432A
:10CB4000E8E700BFB04F005050130050F1FF0F0056
:10CB5000F0010700B44F00501F00070018A00C4060
:10CB60000E4BF0B4D3E902761B38D3E9004100FB49
:10CB700000F202FB00F582FB0723C5FB0623C0FB86
:10CB80000123100940EA037002194FEA231141EB17
:10CB9000E473100C40EA0340F0BC7047485C00208E
:10CBA000224A234B1B68116810F001020ED1810745
:10CBB0001CD5410703F0020230D4131E18BF012315
:10CBC000002B0CBF022201221046704710B401F066
:10CBD000040103F00104214304D184070BD440076E
:10CBE00019D4022210465DF8044B7047400716D452
:10CBF000022210467047410703F002020AD4131EB6
:10CC000018BF0123002B0CBF0222012210465DF841
:10CC1000044B704742B9C3F38003F3E712B9C3F37F
:10CC20008003CDE70122E4E70122DBE794210840FD
:10CC300040210840124A134B12681B68C10705D5F2
:10CC400003F0040302F001010B4311D0810709D462
:10CC5000430705D512F0040F14BF012002207047CE
:10CC600001207047410702F0020303D5002BF1D1E8
:10CC700002207047002B14BF01200220704700BF24
:10CC8000402108409421084038B5274B1B680546D1
:10CC9000980707D4254B264A1B68C3F3074343F084
:10CCA000F00313702348244A2449254B4FF00124F4
:10CCB000046009881B6814681B682046984704F0C4
:10CCC0004073B3F1807F04D11E4A137843F002030E
:10CCD00013701B4B1B6828465B6821469847FFF77B
:10CCE00007FF194B194A1B68C3F305311170D905A9
:10CCF0004ABFA2F58922164AA2F2F25240211170CF
:10CD00000F4A14491268C3F34223DB0043F4605313
:10CD10000B80204693689847022000F067F90E4B7D
:10CD200001221A6038BD00BFB04F0050AC4F005018
:10CD30005662084004A40C40B44F005000A00C40C0
:10CD4000F0010010096208400C1400500EB00C40B5
:10CD50002C6208406AB00C4094046042284B10B525
:10CD60001C68631C08BF0024FFF7F6FD254B264A0C
:10CD70001B68002111609B6C9847244B1B6823B1F2
:10CD8000234B20461B68FFF77FFF224B2249234A93
:10CD9000002018600B6823F07F6323F4702343F0B6
:10CDA0009C7343F480330B601368C3F30133012B8E
:10CDB00006D111681A4B0B4043F400311160136027
:10CDC000184B194A1B68012414601B6A14209847E9
:10CDD000164A17481368174943F4E02313600460A8
:10CDE0000B68C3F38153022B04D1064B12481B6816
:10CDF0005B6C9847114A1368002BFCD110BD00BF33
:10CE00001C130050F001001084046042800128438C
:10CE1000800520438C210840482003402800094019
:10CE2000EFFFFCFCB00100101C002443002009406F
:10CE300000002443B44F0050BD3786000C00684208
:10CE4000094B0A4A10B518601368094C43F00303F4
:10CE5000216813608B69202098472368054A9B6BE3
:10CE60001268BDE8104018478C2108402422084071
:10CE7000B80100102C200940484B1B682DE9F041F7
:10CE80009C0705460E4617467ED4454B1B68980204
:10CE900056D5444C44492368444A002008609B69A5
:10CEA000126827209847424842490368226823F0C5
:10CEB000807323F4803303600B6823F480730B606A
:10CEC000136B4FF48060984723684FF481601B6BAD
:10CED00098472368384C1B6B4FF4C060984737491C
:10CEE00037482E4A0123236006600B6013689907B8
:10CEF00006D47A1C334B06BF4FF040421A601F60C5
:10CF00002A4B314A1B6813689B07FCD50720FFF7A3
:10CF100047FE0228FAD16DB92C4C23682C489B6837
:10CF200098470428F9D0012832D02A4A136823F000
:10CF3000030313601B4B1B68BDE8F0419B6B184754
:10CF4000254A12681B17126803F101089047234B0A
:10CF5000234A1C682349C0F13E03DB10072BA8BFFE
:10CF600007234345C4F30324ACBFE31AA4EB08032F
:10CF7000012BB8BF01230F2BA8BF0F2363F00F03B2
:10CF8000DBB213700B7884E70E4B174A1A6080E708
:10CF900023680F485B6803219847C6E710000940E3
:10CFA000B44F0050B80100100C4009402C2009403B
:10CFB0003C20084084200840282008600C200840BD
:10CFC0008C2108401C00094028200840D80100108E
:10CFD0000040034024220840EC0100100C130050D4
:10CFE0005A6208400D620840FD00004070B40B49D1
:10CFF0000B4C0C4D0C4E22680B689342FCD18242C4
:10D0000009D0AB5C2A5C9A4233448CBF5B7813F83E
:10D01000013C2360EFE770BC704700BF04600C4028
:10D0200000600C40A0EB0000A4EB00002DE9F04FE5
:10D030002DED108BC0F800D0D1F800D0BDEC108BD6
:10D04000BDE8F08F00BF00BF00BF00BF00BF00BF42
:10D0500000BF00BF00BF00BF00BF00BF04988047F3
:10D0600000980199029ADDF80CE010471EF0040FB9
:10D0700014BFEFF3098169468869A1F1480214BF22
:10D0800082F30988954621ED100BF1EE102A41F844
:10D09000082DEFF3118102B400B5DFF8D8E0F047B6
:10D0A000374A1268116801EA000010605DF804EB6D
:10D0B0001EF0080F09D101BC80F311885DF8080B40
:10D0C000E1EE100ABDEC100B704704BC1EF0040F1B
:10D0D00014BFEFF309816946A1F1200114BF81F368
:10D0E00009888D464A604FF08070C8612548886184
:10D0F000234B1B681868086040F2011018607047E5
:10D1000002B401B4EFF3148100291CBF002282F3A2
:10D11000148802B402B4DFF860E0F04701BC01BC3F
:10D1200000281CBF022181F3148801BCDFF84CE009
:10D13000F0470F484FF08051016001BC80F3118827
:10D1400000BF00BFFFF7FEBF1EF0040F14BFEFF3D8
:10D150000981694601F1200151F8080BE1EE100A3E
:10D16000B1EC100B14BF81F309888D46704700BFE6
:10D1700004ED00E0F91100006D120000B11D000087
:10D18000A0E2000000D100001EF0040F14BFEFF376
:10D190000980684685462DE9F00F68467146744659
:10D1A000024A904768462146FEE700BFE9110000A9
:10D1B00010B5EFF31484002C1CBF002181F31488F8
:10D1C0008047002C1CBF022181F3148810BD000091
:10D1D00000B5EFF3038212F0FF0F0DD06A46A2F103
:10D1E000200282F309886FF0020E10604FF0807108
:10D1F000D1610B49916170475DF804EB694681F399
:10D20000098880F308884FF00200EFF3148180F35F
:10D2100014880448016821F040410160704700BF54
:10D22000F8D1000034EF00E01748184A904270B57A
:10D2300007D2013A121A22F003020432002100F050
:10D2400083FB13491348814209D0134A904206D206
:10D25000013A121A22F00302043200F0BDF90F4E17
:10D260000F4D761BF4F7EEFFB61006D0002455F8EC
:10D27000043B01349847A642F9D1F6F709FBBDE813
:10D280007040F5F751BC00BF781D0020A45D002060
:10D29000E0EB000030180020741D002020DF0000AB
:10D2A00020DF0000704700BF2DE9F047089D0E46C3
:10D2B00004460F46002B4AD194468C45B2FA82F2BE
:10D2C00060D942B1C2F12003974020FA03F30CFA6F
:10D2D00002FC1F4394404FEA1C4E1FFA8CF6B7FB2A
:10D2E000FEF1230C0EFB117743EA074301FB06F026
:10D2F00098420AD91CEB030301F1FF3780F0158136
:10D30000984240F21281023963441B1AA4B2B3FB63
:10D31000FEF00EFB103344EA034400FB06F6A6427F
:10D320000AD91CEB040400F1FF3380F00081A6420F
:10D3300040F2FD806444023840EA0140A41B002111
:10D340001DB1D4400023C5E90043BDE8F0878B42FE
:10D3500005D90DB1C5E9000100210846F5E7B3FA8A
:10D3600083F1002946D1B34202D3824200F2F58014
:10D37000841A66EB030201201746002DE5D0C5E9AB
:10D380000047E2E7002A40F09380A1EB0C034FEA4C
:10D390001C471FFA8CFE0121B3FBF7F607FB163082
:10D3A000230C43EA00430EFB06F0984208D91CEB1D
:10D3B000030306F1FF3802D2984200F2D0804646BD
:10D3C0001B1AA4B2B3FBF7F007FB103344EA034483
:10D3D0000EFB00FEA64508D91CEB040400F1FF3348
:10D3E00002D2A64500F2B6801846A4EB0E0440EA2D
:10D3F0000640A5E7C1F120078B4022FA07FC4CEA62
:10D40000030C06FA01FE20FA07F426FA07F344EAB1
:10D410000E0400FA01F84FEA1C404FEA1449B3FB2E
:10D42000F0FE1FFA8CF600FB1E3349EA03430EFBA5
:10D4300006F9994502FA01F20BD91CEB03030EF130
:10D44000FF3A80F08580994540F28280AEF1020E6D
:10D450006344A3EB0909A4B2B9FBF0F300FB1399F1
:10D4600044EA094403FB06F6A64208D91CEB04046F
:10D4700003F1FF3068D2A64266D9023B644443EA16
:10D480000E40A41BA0FB02E6B4427346B14652D341
:10D490004FD05DB1B8EB030264EB090404FA07F75F
:10D4A00022FA01F31F43CC40C5E9007400214CE788
:10D4B000C2F1200120FA01F30CFA02FC26FA01F174
:10D4C000964033434FEA1C471FFA8CFEB1FBF7F03E
:10D4D00007FB1016190C41EA064100FB0EF68E42BE
:10D4E00004FA02F408D91CEB010100F1FF382DD237
:10D4F0008E422BD902386144891B9BB2B1FBF7F6EF
:10D5000007FB161143EA014306FB0EF1994208D9C5
:10D510001CEB030306F1FF3814D2994212D9023EE4
:10D5200063445B1A46EA004136E73946EDE61846A1
:10D5300002E7F045ADD2BEEB020366EB0C06013804
:10D54000B146A6E74646ECE7034698E74046D3E7F0
:10D55000D6467EE76444023847E708460DE7023EB8
:10D5600063442DE730B51446002C9BB005461A469F
:10D5700005DA8B2303604FF0FF301BB030BD4FF452
:10D580000273ADF80C3014BF04F1FF33234602934D
:10D5900005934FF6FF7300910491ADF80E30694684
:10D5A0001E9B00F035FA431CBCBF8B232B60002C64
:10D5B000E3D0009B00221A70DFE7000007B500935C
:10D5C00013460A46014603480068FFF7CBFF03B045
:10D5D0005DF804FB241D00200A44914200F1FF3352
:10D5E00000D1704710B511F8014B03F8014F91427B
:10D5F000F9D110BD022B10B50AD09208013A036888
:10D600000C6840F8044B002A41F8043BF6DC10BDDE
:10D6100002440C78037800F8014B01F8013B131A1F
:10D62000002BF6DCF3E7F8B50F46164604461D4618
:10D6300098470028314638460CDAA847002802DA15
:10D640003C462046F8BD31462046A8470028F8DA77
:10D650003446F6E7A8470028F2DC31462046A847C2
:10D660000028F5DAEDE72DE9F04F95B00746009375
:10D6700040EA02039B07154618D1B2F1040818BF0F
:10D680004FF001080023019305FB01F43B19062923
:10D6900007EB050B029328D8029B9B4510D3019BF7
:10D6A000002B40F0178115B0BDE8F08F4FF0020855
:10D6B000E8E743462A4631462046FFF79BFF0FE046
:10D6C0005C460EE0661B009B2146304698470028CA
:10D6D00009DDB8F1000FECD12368326822603360B5
:10D6E0003446A742EED3AB44D6E74FEA5109641B58
:10D6F000072905FB09793C4421D0282944D9CE08C3
:10D700006E43009B07EB4602B9193846FFF78BFFC3
:10D71000494609EB0602009B8246881BFFF783FF00
:10D720002246009B8146A11BA4EB4600FFF77BFF2E
:10D7300002464946009B5046FFF775FF8146B8F107
:10D74000000F24D13B68D9F800203A60C9F80030B6
:10D75000D946A2465E460023A14536D803933946F2
:10D76000009B484698470028039B2CDC0AD1B8F15F
:10D77000000F13D13368D9F800203260C9F80030A7
:10D780002E440123A944E7E72246BA46D1E743469F
:10D790002A4649463846FFF72DFFD9E743462A4631
:10D7A00049463046FFF726FFEAE70BD1B8F1000FF4
:10D7B00013D12368DAF800202260CAF80030AAEBFF
:10D7C000050A0123641BA1450ED9002B40D1029B01
:10D7D0009B45BFF464AF5C4636E043462A4651465B
:10D7E0002046FFF707FFEAE703933946009B2046F0
:10D7F00098470028039BD8DAB8F1000F07D1D9F871
:10D8000000302268C9F800202360641BB9E7434652
:10D810002A4621464846FFF7EDFEF6E743462A46EC
:10D8200031462046FFF7E6FE0DE0661B009B2146D1
:10D8300030469847002809DDB8F1000FEED1236883
:10D840003268226033603446A742EED3AB44BEE771
:10D85000A9EB060BF21B5A45A8BF5A462AB143460C
:10D86000A9EB02013846FFF7C5FE029BA3EB0A02B3
:10D87000AAEB0404521BA24228BF22462AB10299F5
:10D880004346891A4846FFF7B5FE029B5C45A3EB69
:10D89000040605D823465C469B4633463E461F4653
:10D8A000AB4520D9BBFBF5F1019B072B0BD8B4FB93
:10D8B000F5F414AA02EBC30343F8406C43F83C4C64
:10D8C000019B0133DFE6009B2A463846FFF7CBFE7B
:10D8D000AC420BD8019B14AA013B019302EBC3039A
:10D8E00053E91071D0E6AC427FF6D9AEB4FBF5F146
:10D8F0003746C9E610B501390244904201D10020F3
:10D9000005E0037811F8014FA34201D0181B10BDA8
:10D910000130F2E7884210B501EB020402D98442DB
:10D92000234607D8431EA14208D011F8012B03F863
:10D93000012FF8E7024401468A4200D110BD13F8D6
:10D94000014D02F8014DF7E702440346934200D12E
:10D95000704703F8011BF9E72DE9F0478E681F4671
:10D96000BE420B6882460C4690462DD8B1F90C2079
:10D9700012F4906F26D06569096905EB4505A3EBA4
:10D98000010905EBD5757B1C4B446D109D4238BFDA
:10D990001D46530527D52946F5F74EF8064660B3D0
:10D9A00021694A46FFF718FEA38923F4906343F0E8
:10D9B0008003A381266165614E44A5EB09052660BD
:10D9C000A5603E46BE4200D93E46206832464146EA
:10D9D000FFF7A0FFA3689B1BA36023683344236069
:10D9E0000020BDE8F0872A46F5F752F806460028E1
:10D9F000E0D121695046F5F739F80C23CAF8003018
:10DA0000A38943F04003A3814FF0FF30E9E7000012
:10DA10002DE9F04F98468B891B069DB007460D46B1
:10DA2000144610D50B6973B94021F5F705F8286045
:10DA3000286130B90C233B604FF0FF301DB0BDE8CA
:10DA4000F08F40236B610023099320238DF8293048
:10DA5000CDF80C803023DFF89C818DF82A304FF010
:10DA6000010923469A4613F8012B0AB1252AF9D158
:10DA7000BAEB040B0BD05B46224629463846FFF72B
:10DA80006BFF013000F0A780099A5A4409929AF876
:10DA90000030002B00F09F8000234FF0FF32CDE9D3
:10DAA00005230AF1010A049307938DF853301A9362
:10DAB0005446052214F8011B4E48F2F7E1FA049A85
:10DAC000D8B9D00644BF20238DF85330110744BF86
:10DAD0002B238DF853309AF800302A2B15D0079A53
:10DAE000544600204FF00A0C214611F8013B303B10
:10DAF000092B4BD9B0B1079214E0A0EB080309FA47
:10DB000003F313430493A246D2E7039B191D1B683A
:10DB10000391002BBBBF5B4242F0020207930793C5
:10DB2000B8BF049223782E2B0AD163782A2B32D1E6
:10DB3000039B1A1D1B68039243EAE37302340593A7
:10DB4000DFF8C0A0217803225046F2F799FA38B1E5
:10DB5000049BA0EB0A00402282401343013404934B
:10DB600014F8011B24488DF828100622F2F788FAD1
:10DB7000002836D0214B1BBB039B073323F0070340
:10DB800008330393099B334409936AE70CFB023281
:10DB90000C460120A8E700230134059319464FF0F5
:10DBA0000A0C204610F8012B303A092A03D9002B21
:10DBB000C6D00591C4E70CFB012104460123F0E720
:10DBC00003AB00932A460E4B04A93846AFF30080FE
:10DBD000421C0646D6D1AB895B063FF52DAF0998AE
:10DBE0002CE703AB00932A46054B04A9384600F006
:10DBF00079F8EDE7A8EB0000B2EB000000000000B0
:10DC000059D90000AEEB00002DE9F04716469846C2
:10DC10008A680B69DDF820909342B8BF13463360E1
:10DC200091F8432007460C460AB10133336023685C
:10DC3000990642BF336802333360256815F0060544
:10DC400006D104F1190AE36832689B1AAB4226DC5C
:10DC500094F843302268003B18BF012392062BD46E
:10DC600004F1430241463846C84701301ED02368BC
:10DC7000226903F00603042B02BFE5683368ED1A3E
:10DC8000A3680CBF25EAE57500259342C4BF9B1A23
:10DC9000ED1800261A34B5421AD1002008E00123FD
:10DCA000524641463846C847013003D14FF0FF3055
:10DCB000BDE8F0870135C6E7E1185A1C302081F82D
:10DCC0004300224494F8451082F843100233C7E71A
:10DCD0000123224641463846C8470130E6D0013686
:10DCE000D9E700002DE9FF470F7E0C9E782F914663
:10DCF00080460C469A4601F1430207D8622F0AD8A3
:10DD0000002F00F0D180582F00F0B88004F14206B7
:10DD100084F842703AE0A7F16303152BF6D801A10D
:10DD200051F823F07DDD000091DD00000DDD0000E5
:10DD30000DDD00000DDD00000DDD000091DD0000B7
:10DD40000DDD00000DDD00000DDD00000DDD00002B
:10DD50008FDE0000BBDD000049DE00000DDD0000AD
:10DD60000DDD0000B1DE00000DDD0000BBDD0000B8
:10DD70000DDD00000DDD000051DE000033681A1DCE
:10DD80001B68326004F1420684F8423001239CE0B3
:10DD900033682068191D3160060601D51D6803E04F
:10DDA0004506FBD5B3F90050002D03DA2D236D4253
:10DDB00084F8433058480A2311E021683368080684
:10DDC00053F8045B02D4490648BFADB26F2F5248E6
:10DDD000336014BF0A230823002184F843106668C7
:10DDE000A660002E05DB21682E4321F0040121608E
:10DDF0004BD01646B5FBF3F103FB1157C75D06F890
:10DE0000017D2F46BB420D46F4D9082B0BD1236868
:10DE1000DF0708D5236961689942DEBF302306F821
:10DE2000013C06F1FF36921B2261CDF800A04B4663
:10DE300003AA21464046FFF7E7FE01304AD14FF0E2
:10DE4000FF3004B0BDE8F087236843F0200323606F
:10DE50003248782784F84570236831681F0651F8E6
:10DE6000045B02D45F0648BFADB23160D90744BF3E
:10DE700043F0200323601DB11023ADE72648E9E7F6
:10DE8000236823F020032360F6E71646BDE73368D6
:10DE900025686169181D30602E061B6801D5196060
:10DEA00002E06806FBD51980002323611646BCE713
:10DEB00033681A1D32601E68626800213046F2F72E
:10DEC000DFF808B1801B606063682361002384F879
:10DED0004330AAE72369324649464046D0470130DD
:10DEE000ADD023689B0713D4E068039B9842B8BF6A
:10DEF0001846A6E70123324649464046D04701303E
:10DF00009DD00135E36803995B1AAB42F2DCEBE785
:10DF1000002504F11906F5E7B9EB0000CAEB000093
:10DF20000A4885460A488544DFF82800016841F41C
:10DF3000700101606F4607208743BD4606480028F0
:10DF400000F001808047054880470000A89D002020
:10DF50000006000088ED00E02908000029D200003A
:10DF6000141E002078DF000000000000601E00206A
:10DF700084DF0000000000000010014021FF0100CC
:10DF800019000000000001401FFF00001700000002
:10DF900002000000AC1E0020A4DF0000081F0020CB
:10DFA000A6DF000006010701010000008421002017
:10DFB000B4DF00000010004015000000FF0000006A
:10DFC000841F002000020000641F002020000000C9
:10DFD000000000000C0000000D000000FF00000029
:10DFE000FF0000002018002010180020040000008E
:10DFF0000200000005000000100000000F000000FB
:10E0000011000000120000000002000002000000E9
:10E01000F422002020E000008023002030E00000F7
:10E0200000000000000000000000000000030000ED
:10E0300000000000000000000000000001030000DC
:10E04000FF0001003902000007000000000000008E
:10E050008114000025A5000001010100000000005E
:10E06000AC190020882400200C240020FFFFFFFFB3
:10E070001E050000042500207CE000000000024096
:10E080000929FF0074692E73797362696F732E6BAF
:10E090006E6C2E5461736B2E49646C655461736BA6
:10E0A00000000000496E76616C6964207072656CD6
:10E0B0006F616420706172616D733A2025640000A5
:10E0C0004572726F7220696E697469616C697A69F0
:10E0D0006E6720626F61726420332E335620646F46
:10E0E0006D61696E2070696E730A00004E6F206C5E
:10E0F0006567616379206164732C206A756D70694E
:10E100006E6720746F204144564552545F484F500B
:10E11000000000004D6173746572206661696C6572
:10E120006420746F206D6561737572652057696E28
:10E130004F666673657400006F7574206F66206D9E
:10E14000656D6F72793A20686561703D3078257829
:10E150002C2073697A653D257520282F686F6D65C1
:10E160002F73756C74616E2F74692F73696D706C89
:10E17000656C696E6B5F6363313378785F636332BC
:10E180003678785F73646B5F375F34305F30305F51
:10E1900037372F6B65726E656C2F746972746F738D
:10E1A000372F7061636B616765732F74692F7379A3
:10E1B0007362696F732F72756E74696D652F4D652B
:10E1C0006D6F72792E633A37382900006F757420AD
:10E1D0006F66206D656D6F72793A2068616E646C50
:10E1E00065203D20307825782C2073697A653D259F
:10E1F0007520282F686F6D652F73756C74616E2F95
:10E2000074692F73696D706C656C696E6B5F6363A5
:10E21000313378785F6363323678785F73646B5F2D
:10E22000375F34305F30305F37372F6B65726E6524
:10E230006C2F746972746F73372F7061636B6167D1
:10E2400065732F74692F73797362696F732F6865B3
:10E250006170732F486561704D656D2E633A31357D
:10E260003429000000000000000000000000000051
:10E27000010000000000000000020000000000009B
:10E28000000000000100000000000000000000008D
:10E290000000000005000000000000000000000079
:10E2A000301B00200000000000000000E803000018
:10E2B000000000000000000000000000000000005E
:10E2C00065240000C99F0000414243444546474839
:10E2D000494A4B4C4D4E4F50515253545556575836
:10E2E000595A6162636465666768696A6B6C6D6ED2
:10E2F0006F707172737475767778797A30313233E2
:10E300003435363738392B2F008040C020A060E0EC
:10E31000109050D030B070F0088848C828A868E83D
:10E32000189858D838B878F8048444C424A464E40D
:10E33000149454D434B474F40C8C4CCC2CAC6CECDD
:10E340001C9C5CDC3CBC7CFC028242C222A262E2DD
:10E35000129252D232B272F20A8A4ACA2AAA6AEADD
:10E360001A9A5ADA3ABA7AFA068646C626A666E6AD
:10E37000169656D636B676F60E8E4ECE2EAE6EEE7D
:10E380001E9E5EDE3EBE7EFE018141C121A161E195
:10E39000119151D131B171F1098949C929A969E9AD
:10E3A000199959D939B979F9058545C525A565E57D
:10E3B000159555D535B575F50D8D4DCD2DAD6DED4D
:10E3C0001D9D5DDD3DBD7DFD038343C323A363E34D
:10E3D000139353D333B373F30B8B4BCB2BAB6BEB4D
:10E3E0001B9B5BDB3BBB7BFB078747C727A767E71D
:10E3F000179757D737B777F70F8F4FCF2FAF6FEFED
:10E400001F9F5FDF3FBF7FFF637C777BF26B6FC532
:10E410003001672BFED7AB76CA82C97DFA5947F027
:10E42000ADD4A2AF9CA472C0B7FD9326363FF7CC03
:10E4300034A5E5F171D8311504C723C31896059AA0
:10E44000071280E2EB27B27509832C1A1B6E5AA0C3
:10E45000523BD6B329E32F8453D100ED20FCB15BAE
:10E460006ACBBE394A4C58CFD0EFAAFB434D338517
:10E4700045F9027F503C9FA851A3408F929D38F5EB
:10E48000BCB6DA2110FFF3D2CD0C13EC5F97441722
:10E49000C4A77E3D645D197360814FDC222A908899
:10E4A00046EEB814DE5E0BDBE0323A0A4906245C25
:10E4B000C2D3AC629195E479E7C8376D8DD54EA98A
:10E4C0006C56F4EA657AAE08BA78252E1CA6B4C656
:10E4D000E8DD741F4BBD8B8A703EB5664803F60EAF
:10E4E000613557B986C11D9EE1F8981169D98E949E
:10E4F0009B1E87E9CE5528DF8CA1890DBFE64268B7
:10E5000041992D0FB054BB16010204081020408021
:10E510001B360000FFFFFFFF0000000000000000AE
:10E52000000000003A013A01000000000000000075
:10E5300000000000020500000201000001F10111CD
:10E5400001F10000000000000111000001F10000D5
:10E5500000000111000000000000000000000000A9
:10E5600000000000000000000000000000000000AB
:10E5700001110000F5430021794000219540002160
:10E5800069440021A5440021C5400021D14000215B
:10E59000DD400021F94000214F450021414100218B
:10E5A000DB0705D000F003F80249087070BD70B5B4
:10E5B000014D2847E00400211D240200074C657925
:10E5C00000F009F861796940490703D50121044A3F
:10E5D0008903116070BD70B50249084780030021AE
:10E5E000081104402D59000070B5004700F016FADC
:10E5F00000480047577F000000F016FA0048004727
:10E600001B8800000599880A802805D1134988785D
:10E610008007800F00F020FA00480047D96E000004
:10E620000FB40F48C188002902D0104600F014FA38
:10E63000079B9B0A084D832B08D1084C23899B0616
:10E6400004D500F005F8002800D042350FBC28475B
:10E6500070B50448004700001F0B02006001002154
:10E6600080030021EB0902000848094A03689A4226
:10E670000AD108480289084BD21A01D0012A03D1D5
:10E68000406E064988470399054B1847A8020021A8
:10E69000BD0302006001002121180000F1350000D7
:10E6A000BD06000070B51F4D2878C4B21E488047D3
:10E6B0002878032834D1032C32D01C488068400DC0
:10E6C000C2071A48014660318030002A03D01F2457
:10E6D0000C57458802E01E240C570588002C1FD0DB
:10E6E0001348154A41690079414348101149496965
:10E6F000401810494039497F90474005401569420C
:10E7000088420DDBA8420BDC0C4B996988B20246AB
:10E71000090C624309045212801880B208439861C0
:10E7200070BD0000E40200217941000028000021B2
:10E730008003002100030021CB8100004040044001
:10E7400010B5864C21464031087D012834D18448DB
:10E75000C07D4008C0072FD0204660304279520863
:10E76000D20729D04089800B012825D1087E410994
:10E77000C9070CD0A16F00070988C00F4002090427
:10E7800008436066A06F801C00F080F913E07448B5
:10E7900020308069406800280ED0724A002301783A
:10E7A000D356591A08D4C90008184178C90703D0AC
:10E7B000016861664068A0666B48804710BDF8B587
:10E7C000664C6A4926462036707B254640350090C7
:10E7D0002F79B800401880688047002828D1604908
:10E7E000C97D0909C90723D022466432152F20D0DC
:10E7F000297E00234F09FF0703D06D7D002D00D037
:10E800000123009FA56FBB4312D0737B002B0FD059
:10E81000237D5B060CD5D288920B012A08D1C9084A
:10E82000C90705D0A988890B012901D1002171737D
:10E83000F8BDAB7EE97D012BE3D00023E1E770B5A5
:10E84000464C2546606A803500281DD15420005D65
:10E850000022002817D06420005D8008C00712D075
:10E86000A9688888800B01280DD13D48C07D4008EB
:10E87000C00708D03A48203080690068002802D0DC
:10E880002962A86000E02A6239488047616A00294D
:10E8900003D1296A002900D0A96070BDF8B52F4CBA
:10E8A000344920464030027D002A2FD0807E254604
:10E8B0008035032802D0042803D027E00120E87522
:10E8C00024E06420005D8008C0071FD0A86880880D
:10E8D000800B01281AD12248EA7DC07D002A13D07E
:10E8E000C008C00712D026462036777B88470146ED
:10E8F000394308D1217D090605D56988890B01298D
:10E9000001D100217173F8BD8008EAE78847F8BD9E
:10E91000124880300021C175174800470F49403127
:10E920000871262814D006DC152813D01B280BD01C
:10E930001F2804D10AE03D280ED047280AD00B49F1
:10E9400080004018806870470C4870470C4870473A
:10E950000C4870470C4870470C4870476001002114
:10E96000C8000021E00400215949020000550200BE
:10E970008F3D020075300200152A0200E943002194
:10E9800075430021174300219742002119420021BD
:10E9900010B50C4988470C4A0621515E002907D062
:10E9A000022905D0092903D0102901D0112907D146
:10E9B0007721C943884201DD002801DD7F20C04363
:10E9C00010BD0000A96500008003002110B51048AB
:10E9D000C1881048052918D00F4C21684A085200F8
:10E9E0002260A26B52085200A2632160FFF7FCFD77
:10E9F000A06B000708D40120206060600020401C4C
:10EA00000C28FCDB1420206210BDFFF7EDFD10BDCB
:10EA1000800300213F5B000000600440806B0C49D4
:10EA20000007000F48717047094A0A4918235079B6
:10EA3000CB56497EC018814201DD084602E00F280E
:10EA400000DD0F20D189090909010143D1817047F7
:10EA5000E0020021880000210849C979CA08D207CC
:10EA600008D0C1400648C90701D0064900E0064960
:10EA7000491CC1607047002070470000E800002179
:10EA80002800002188010000500100008208810751
:10EA90009200C90E0CCAC078CA40494220318B404E
:10EAA0001A431102090A000608437047E8030000F0
:10EAB000000064008E0000008E0001008E00020045
:10EAC0008E0003008F0000018F0000028F00000302
:10EAD0008E0001048E0000058E0008048E000004E4
:10EAE00089000006500000007F0001003F00040084
:10EAF0003F0002003F0001007F0002008E00020480
:10EB00008E0001028E0001010100000040420F0052
:10EB100001000000000000000000000000000000F4
:10EB20000102000000000000FFFF000001020000E1
:10EB300000000000FFFF00000000000000000000D7
:10EB400000000000000000000000000001000000C4
:10EB500000C201000300000000000000002040602F
:10EB60000006028682000000000810182000000045
:10EB70000008000000010203040000000000220061
:10EB800000010000FF00000000000100020004007E
:10EB9000100000FF0800040000010002000400084B
:10EBA0000102000302000103232D302B2000686CBA
:10EBB0004C006566674546470030313233343536A0
:10EBC00037383941424344454600303132333435D9
:10EBD00036373839616263646566000022000100DF
:10EBE00028180000000000000000000000018CD187
:10EBF00000000000781D0020000000000000000060
:10EC000027180000000000000000000000018CD167
:10EC100000000000A81D002000000000000000000F
:10EC200022180000000000000000000000018CD14C
:10EC300000000000D81D00200000000000000000BF
:10EC400021180000000000000000000000018CD12D
:10EC500000000000F41D0020000000000000000083
:10EC600029180000000000000000000000018CD105
:10EC700000000000D018002000000000000000008C
:10EC80000000000078010000D6BE898E5555550160
:10EC9000010000002018000000000000000000003B
:10ECA0000001000008001772541900203C190020D0
:10ECB00020190020101900200000000000000000B2
:10ECC00020539006A302E5079C602100FFFFFFFF91
:10ECD00020539006A3022D01A460007DD450F900BA
:10ECE000E0508700F8501400FFFFFFFF205390060C
:10ECF000A3028F01D450F900E0508700F8501400AF
:10ED0000FFFFFFFF2460205B63026401D388F300F0
:10ED1000285300008386050005400140303C183828
:10ED200064403C00E387E70003089500F387F400A4
:10ED300023082A0121400140005F0041410104C035
:10ED400044DD0700538AFF00FFFFFFFF00000000C3
:10ED50009996000000000000000000000000000084
:10ED600000000000000000000000000000000000A3
:10ED70000260000000040020000400200260000087
:10ED8000026000000260000002600000022000201B
:10ED90000104002002600000026000000260000028
:10EDA00002600000026000000260000002600000DB
:10EDB00002600000026000000260000002600000CB
:10EDC00002600000026000000260000000080020F5
:10EDD0000008002000080020282500200000000076
:10EDE00000000000341A0020341A00200100000046
:10EDF0000000000000000000000000000000000013
:10EE0000000000005C250020581A0020581A00203D
:10EE1000601A0020601A00200000000000000000BE
:10EE2000701A0020701A002001000000000000008D
:10EE30000000000000000000000000008C25002001
:10EE40000000000000000000981A0020981A00201E
:10EE500000000000000000000000000000000000B2
:10EE600000000000000000000000000000000000A2
:10EE70000000000000000000000000000000000092
:10EE80000000000000000000000000000000000082
:10EE90000000000000000000000000000000000072
:10EEA000010000000100000000000000000000015F
:10EEB0000A00000000000000081B0020081B0020C2
:10EEC000101B0020101B00200000000000000000AC
:10EED0000000000000000000000000000000000032
:10EEE0000101000000000000000000204028002078
:10EEF0000000000000000000000000000000000012
:10EF000000000000541B0020541B002000000000E3
:10EF100000000000006CDC020000000000000000A7
:10EF2000000000000300000000000000751E00004B
:10EF3000592B00000300270000000000800064003F
:10EF4000010101001A000000D6BE898E55555500FA
:10EF500025000000857A0000177500000000000001
:10EF600000000000000000000000000000000000A1
:10EF70000000000000000000000000000000000091
:10EF80000000000000000000000000000000000081
:10EF90000000000000000000000000000000000071
:10EFA0000000000000000000000000000000000061
:10EFB0000000000000000000000000000000000051
:10EFC0000000000000000000000000000000000041
:10EFD0000000000000000000000000000000000031
:10EFE0000000000000000000000000000000000021
:10EFF0000000000000000000000000000000000011
:10F000000000000000000000000000000000000000
:10F0100000000000000000000000000000000000F0
:10F0200000000000000000000000000000000000E0
:10F0300000000000000000000000000000000000D0
:10F0400000000000000000000000000000000000C0
:10F0500000000000000000000000000000000000B0
:10F0600000000000000000000000000000000000A0
:10F070000000000000000000000000000000000090
:10F080000000000000000000000000000000000080
:10F09000010000000000000000000000010000006E
:10F0A0000000000000000000000000000000000060
:10F0B000000000000000000000000000C59C0000EF
:10F0C000499D0000C19C00000000000000000000FD
:10F0D00000008000281D0020000000006C5C002063
:10F0E000D45C00203C5D0020000000000000000017
:10F0F0000000000000000000000000000000000010
:10F1000000000000000000000000000000000000FF
:10F1100000000000000000000000000000000000EF
:04F1200000000000EB
:08F124005C0FFF7F01000000F9
:020000025000AC
:107FA80000008001100080FFFDFF5800FFC1B9F3F9
:107FB800FFFFFFFFFFFFFFFFFFFFFFFFFFFFFFFFC9
:107FC800FFFFFFFFFFFFFFFFFFFFFFFFFFFFFFFFB9
:107FD800C50FFEC5FFFFFFFF00FFFFFF00C5C5FF80
:107FE800000000FF00000000FFFFFFFFFFFFFFFF92
:087FF800FFFFFFFFFFFFFFFF89
:040000030000DF21F9
:00000001FF
